family,m,target_r,D_actual,model_prediction,best_ray,entry_len,entry_cost,ray_cost,candidates
golden-per8,3,11,1,2,+1,2,1,1,"[('+1', 2, 1, 1, 2)]"
golden-per8,3,19,2,3,+1,2,2,1,"[('+1', 2, 2, 1, 3)]"
golden-per8,3,23,3,4,+1,2,3,1,"[('+1', 2, 3, 1, 4)]"
golden-per8,3,25,4,5,+1,2,4,1,"[('+1', 2, 4, 1, 5)]"
golden-per8,3,11,1,2,+1,2,1,1,"[('+1', 2, 1, 1, 2)]"
golden-per8,3,19,2,3,+1,2,2,1,"[('+1', 2, 2, 1, 3)]"
golden-per8,3,23,3,4,+1,2,3,1,"[('+1', 2, 3, 1, 4)]"
golden-per8,3,25,4,5,+1,2,4,1,"[('+1', 2, 4, 1, 5)]"
golden-per8,4,11,1,2,+1,2,1,1,"[('+1', 2, 1, 1, 2)]"
golden-per8,4,16,4,3,+1,3,3,0,"[('+1', 3, 3, 0, 3)]"
golden-per8,4,23,3,4,+1,2,3,1,"[('+1', 2, 3, 1, 4)]"
golden-per8,4,11,1,2,+1,2,1,1,"[('+1', 2, 1, 1, 2)]"
golden-per8,4,16,4,3,+1,3,3,0,"[('+1', 3, 3, 0, 3)]"
golden-per8,4,23,3,4,+1,2,3,1,"[('+1', 2, 3, 1, 4)]"
golden-per8,4,32,3,2,+1,3,2,0,"[('+1', 3, 2, 0, 2)]"
golden-per8,4,46,2,3,+1,2,2,1,"[('+1', 2, 2, 1, 3)]"
golden-per8,4,47,1,0,+1,3,0,0,"[('+1', 3, 0, 0, 0)]"
golden-per8,4,52,4,5,+1,2,4,1,"[('+1', 2, 4, 1, 5)]"
golden-per8,4,64,2,1,+1,3,1,0,"[('+1', 3, 1, 0, 1)]"
golden-per8,4,67,1,0,+1,3,0,0,"[('+1', 3, 0, 0, 0)]"
golden-per8,5,4,2,1,+1,5,1,0,"[('+1', 5, 1, 0, 1)]"
golden-per8,5,8,1,0,+1,5,0,0,"[('+1', 5, 0, 0, 0)]"
golden-per8,5,23,4,5,+1,2,3,2,"[('+1', 2, 3, 2, 5)]"
golden-per8,5,4,2,1,+1,5,1,0,"[('+1', 5, 1, 0, 1)]"
golden-per8,5,8,1,0,+1,5,0,0,"[('+1', 5, 0, 0, 0)]"
golden-per8,5,23,4,5,+1,2,3,2,"[('+1', 2, 3, 2, 5)]"
golden-per8,5,43,4,3,+1,4,2,1,"[('+1', 4, 2, 1, 3)]"
golden-per8,5,46,3,4,+1,2,2,2,"[('+1', 2, 2, 2, 4)]"
golden-per8,5,65,2,1,+1,5,1,0,"[('+1', 5, 1, 0, 1)]"
golden-per8,5,77,4,3,+1,5,3,0,"[('+1', 5, 3, 0, 3)]"
golden-per8,6,1,2,0,-1,6,0,0,"[('+1', 0, 0, 2, 2), ('-1', 6, 0, 0, 0)]"
golden-per8,6,2,1,-1,-1,6,-1,0,"[('+1', 6, 1, 0, 1), ('-1', 6, -1, 0, -1)]"
golden-per8,6,4,2,-1,-1,6,-1,0,"[('+1', 6, 1, 0, 1), ('-1', 6, -1, 0, -1)]"
golden-per8,6,5,2,0,-1,6,0,0,"[('+1', 5, 1, 0, 1), ('-1', 6, 0, 0, 0)]"
golden-per8,6,7,4,2,-1,6,2,0,"[('+1', 5, 3, 0, 3), ('-1', 6, 2, 0, 2)]"
golden-per8,6,8,1,-2,-1,6,-2,0,"[('+1', 6, 0, 0, 0), ('-1', 6, -2, 0, -2)]"
golden-per8,6,10,1,-1,-1,6,-1,0,"[('+1', 5, 0, 0, 0), ('-1', 6, -1, 0, -1)]"
golden-per8,6,11,2,0,-1,6,0,0,"[('+1', 6, 2, 0, 2), ('-1', 6, 0, 0, 0)]"
golden-per8,6,13,1,-1,-1,6,-1,0,"[('+1', 4, 0, 1, 1), ('-1', 6, -1, 0, -1)]"
golden-per8,6,14,3,1,-1,6,1,0,"[('+1', 5, 2, 0, 2), ('-1', 6, 1, 0, 1)]"
golden-per8,6,16,6,3,-1,6,3,0,"[('+1', 5, 4, 0, 4), ('-1', 6, 3, 0, 3)]"
golden-per8,6,17,2,-1,-1,6,-1,0,"[('+1', 5, 1, 0, 1), ('-1', 6, -1, 0, -1)]"
golden-per8,6,19,3,0,-1,6,0,0,"[('+1', 6, 3, 0, 3), ('-1', 6, 0, 0, 0)]"
golden-per8,6,20,0,-2,-1,6,-2,0,"[('+1', 6, 0, 0, 0), ('-1', 6, -2, 0, -2)]"
golden-per8,6,22,2,-1,-1,6,-1,0,"[('+1', 6, 1, 0, 1), ('-1', 6, -1, 0, -1)]"
golden-per8,6,23,4,2,-1,6,2,0,"[('+1', 2, 3, 2, 5), ('-1', 6, 2, 0, 2)]"
golden-per8,6,25,5,3,-1,6,3,0,"[('+1', 4, 4, 1, 5), ('-1', 6, 3, 0, 3)]"
golden-per8,6,26,0,-2,-1,6,-2,0,"[('+1', 6, 0, 0, 0), ('-1', 6, -2, 0, -2)]"
golden-per8,6,1,2,0,-1,6,0,0,"[('+1', 0, 0, 2, 2), ('-1', 6, 0, 0, 0)]"
golden-per8,6,2,1,-1,-1,6,-1,0,"[('+1', 6, 1, 0, 1), ('-1', 6, -1, 0, -1)]"
golden-per8,6,4,2,-1,-1,6,-1,0,"[('+1', 6, 1, 0, 1), ('-1', 6, -1, 0, -1)]"
golden-per8,6,5,2,0,-1,6,0,0,"[('+1', 5, 1, 0, 1), ('-1', 6, 0, 0, 0)]"
golden-per8,6,7,4,2,-1,6,2,0,"[('+1', 5, 3, 0, 3), ('-1', 6, 2, 0, 2)]"
golden-per8,6,8,1,-2,-1,6,-2,0,"[('+1', 6, 0, 0, 0), ('-1', 6, -2, 0, -2)]"
golden-per8,6,10,1,-1,-1,6,-1,0,"[('+1', 5, 0, 0, 0), ('-1', 6, -1, 0, -1)]"
golden-per8,6,11,2,0,-1,6,0,0,"[('+1', 6, 2, 0, 2), ('-1', 6, 0, 0, 0)]"
golden-per8,6,13,1,-1,-1,6,-1,0,"[('+1', 4, 0, 1, 1), ('-1', 6, -1, 0, -1)]"
golden-per8,6,14,3,1,-1,6,1,0,"[('+1', 5, 2, 0, 2), ('-1', 6, 1, 0, 1)]"
golden-per8,6,16,6,3,-1,6,3,0,"[('+1', 5, 4, 0, 4), ('-1', 6, 3, 0, 3)]"
golden-per8,6,17,2,-1,-1,6,-1,0,"[('+1', 5, 1, 0, 1), ('-1', 6, -1, 0, -1)]"
golden-per8,6,19,3,0,-1,6,0,0,"[('+1', 6, 3, 0, 3), ('-1', 6, 0, 0, 0)]"
golden-per8,6,20,0,-2,-1,6,-2,0,"[('+1', 6, 0, 0, 0), ('-1', 6, -2, 0, -2)]"
golden-per8,6,22,2,-1,-1,6,-1,0,"[('+1', 6, 1, 0, 1), ('-1', 6, -1, 0, -1)]"
golden-per8,6,23,4,2,-1,6,2,0,"[('+1', 2, 3, 2, 5), ('-1', 6, 2, 0, 2)]"
golden-per8,6,25,5,3,-1,6,3,0,"[('+1', 4, 4, 1, 5), ('-1', 6, 3, 0, 3)]"
golden-per8,6,26,0,-2,-1,6,-2,0,"[('+1', 6, 0, 0, 0), ('-1', 6, -2, 0, -2)]"
golden-per8,6,28,2,0,-1,6,0,0,"[('+1', 5, 1, 0, 1), ('-1', 6, 0, 0, 0)]"
golden-per8,6,29,1,-2,-1,6,-2,0,"[('+1', 6, 2, 0, 2), ('-1', 6, -2, 0, -2)]"
golden-per8,6,31,3,0,-1,6,0,0,"[('+1', 6, 2, 0, 2), ('-1', 6, 0, 0, 0)]"
golden-per8,6,32,5,2,-1,6,2,0,"[('+1', 5, 3, 0, 3), ('-1', 6, 2, 0, 2)]"
golden-per8,6,34,4,2,-1,6,2,0,"[('+1', 6, 4, 0, 4), ('-1', 6, 2, 0, 2)]"
golden-per8,6,35,3,1,-1,6,1,0,"[('+1', 3, 2, 1, 3), ('-1', 6, 1, 0, 1)]"
golden-per8,6,37,3,0,-1,6,0,0,"[('+1', 5, 2, 0, 2), ('-1', 6, 0, 0, 0)]"
golden-per8,6,38,2,-1,-1,6,-1,0,"[('+1', 6, 2, 0, 2), ('-1', 6, -1, 0, -1)]"
golden-per8,6,40,2,0,-1,6,0,0,"[('+1', 5, 1, 0, 1), ('-1', 6, 0, 0, 0)]"
golden-per8,6,41,4,1,-1,6,1,0,"[('+1', 5, 2, 0, 2), ('-1', 6, 1, 0, 1)]"
golden-per8,6,43,4,1,-1,6,1,0,"[('+1', 4, 2, 1, 3), ('-1', 6, 1, 0, 1)]"
golden-per8,6,44,1,-2,-1,6,-2,0,"[('+1', 6, 0, 0, 0), ('-1', 6, -2, 0, -2)]"
golden-per8,6,46,3,1,-1,6,1,0,"[('+1', 2, 2, 2, 4), ('-1', 6, 1, 0, 1)]"
golden-per8,6,47,1,-1,-1,6,-1,0,"[('+1', 3, 0, 1, 1), ('-1', 6, -1, 0, -1)]"
golden-per8,6,49,2,-1,-1,6,-1,0,"[('+1', 6, 1, 0, 1), ('-1', 6, -1, 0, -1)]"
golden-per8,6,50,4,2,-1,6,2,0,"[('+1', 4, 3, 1, 4), ('-1', 6, 2, 0, 2)]"
golden-per8,6,52,4,1,-1,6,1,0,"[('+1', 6, 5, 0, 5), ('-1', 6, 1, 0, 1)]"
golden-per8,6,53,2,0,-1,6,0,0,"[('+1', 4, 1, 1, 2), ('-1', 6, 0, 0, 0)]"
golden-per8,6,55,5,2,-1,6,2,0,"[('+1', 5, 3, 0, 3), ('-1', 6, 2, 0, 2)]"
golden-per8,6,56,1,-1,-1,6,-1,0,"[('+1', 5, 0, 0, 0), ('-1', 6, -1, 0, -1)]"
golden-per8,6,58,4,1,-1,6,1,0,"[('+1', 6, 3, 0, 3), ('-1', 6, 1, 0, 1)]"
golden-per8,6,59,3,0,-1,6,0,0,"[('+1', 5, 1, 0, 1), ('-1', 6, 0, 0, 0)]"
golden-per8,6,61,4,1,-1,6,1,0,"[('+1', 6, 3, 0, 3), ('-1', 6, 1, 0, 1)]"
golden-per8,6,62,2,-1,-1,6,-1,0,"[('+1', 6, 1, 0, 1), ('-1', 6, -1, 0, -1)]"
golden-per8,6,64,4,1,-1,6,1,0,"[('+1', 5, 2, 0, 2), ('-1', 6, 1, 0, 1)]"
golden-per8,6,65,3,0,-1,6,0,0,"[('+1', 5, 1, 0, 1), ('-1', 6, 0, 0, 0)]"
golden-per8,6,67,1,-1,-1,6,-1,0,"[('+1', 6, 1, 0, 1), ('-1', 6, -1, 0, -1)]"
golden-per8,6,68,3,1,-1,6,1,0,"[('+1', 6, 3, 0, 3), ('-1', 6, 1, 0, 1)]"
golden-per8,6,70,4,2,-1,6,2,0,"[('+1', 4, 3, 1, 4), ('-1', 6, 2, 0, 2)]"
golden-per8,6,71,0,-2,-1,6,-2,0,"[('+1', 6, 0, 0, 0), ('-1', 6, -2, 0, -2)]"
golden-per8,6,73,4,2,-1,6,2,0,"[('+1', 4, 3, 1, 4), ('-1', 6, 2, 0, 2)]"
golden-per8,6,74,2,-1,-1,6,-1,0,"[('+1', 5, 1, 0, 1), ('-1', 6, -1, 0, -1)]"
golden-per8,6,76,1,-2,-1,6,-2,0,"[('+1', 6, 1, 0, 1), ('-1', 6, -2, 0, -2)]"
golden-per8,6,77,4,0,-1,6,0,0,"[('+1', 3, 4, 1, 5), ('-1', 6, 0, 0, 0)]"
golden-per8,6,79,6,3,-1,6,3,0,"[('+1', 6, 6, 0, 6), ('-1', 6, 3, 0, 3)]"
golden-per8,6,80,1,-1,-1,6,-1,0,"[('+1', 5, 0, 0, 0), ('-1', 6, -1, 0, -1)]"
golden-per8,7,4,3,1,+1,6,1,0,"[('+1', 6, 1, 0, 1), ('-1', 6, 2, 0, 2)]"
golden-per8,7,5,2,1,+1,5,1,0,"[('+1', 5, 1, 0, 1), ('-1', 6, 2, 0, 2)]"
golden-per8,7,7,5,3,-1,6,3,0,"[('+1', 6, 4, 0, 4), ('-1', 6, 3, 0, 3)]"
golden-per8,7,8,2,0,+1,6,0,0,"[('+1', 6, 0, 0, 0), ('-1', 6, 1, 0, 1)]"
golden-per8,7,10,1,0,+1,5,0,0,"[('+1', 5, 0, 0, 0), ('-1', 6, 1, 0, 1)]"
golden-per8,7,11,3,0,-1,6,0,0,"[('+1', 6, 2, 0, 2), ('-1', 6, 0, 0, 0)]"
golden-per8,7,13,2,0,-1,6,0,0,"[('+1', 6, 1, 0, 1), ('-1', 6, 0, 0, 0)]"
golden-per8,7,14,4,2,-1,6,2,0,"[('+1', 6, 3, 0, 3), ('-1', 6, 2, 0, 2)]"
golden-per8,7,16,6,3,-1,6,3,0,"[('+1', 6, 6, 0, 6), ('-1', 6, 3, 0, 3)]"
golden-per8,7,17,2,0,-1,6,0,0,"[('+1', 6, 2, 0, 2), ('-1', 6, 0, 0, 0)]"
golden-per8,7,19,3,1,-1,6,1,0,"[('+1', 5, 4, 0, 4), ('-1', 6, 1, 0, 1)]"
golden-per8,7,22,2,-1,-1,6,-1,0,"[('+1', 6, 3, 0, 3), ('-1', 6, -1, 0, -1)]"
golden-per8,7,23,5,3,-1,6,3,0,"[('+1', 6, 4, 0, 4), ('-1', 6, 3, 0, 3)]"
golden-per8,7,25,5,3,-1,6,3,0,"[('+1', 5, 6, 0, 6), ('-1', 6, 3, 0, 3)]"
golden-per8,7,26,1,-1,-1,6,-1,0,"[('+1', 6, 0, 0, 0), ('-1', 6, -1, 0, -1)]"
golden-per8,7,4,3,1,+1,6,1,0,"[('+1', 6, 1, 0, 1), ('-1', 6, 2, 0, 2)]"
golden-per8,7,5,2,1,+1,5,1,0,"[('+1', 5, 1, 0, 1), ('-1', 6, 2, 0, 2)]"
golden-per8,7,7,5,3,-1,6,3,0,"[('+1', 6, 4, 0, 4), ('-1', 6, 3, 0, 3)]"
golden-per8,7,8,2,0,+1,6,0,0,"[('+1', 6, 0, 0, 0), ('-1', 6, 1, 0, 1)]"
golden-per8,7,10,1,0,+1,5,0,0,"[('+1', 5, 0, 0, 0), ('-1', 6, 1, 0, 1)]"
golden-per8,7,11,3,0,-1,6,0,0,"[('+1', 6, 2, 0, 2), ('-1', 6, 0, 0, 0)]"
golden-per8,7,13,2,0,-1,6,0,0,"[('+1', 6, 1, 0, 1), ('-1', 6, 0, 0, 0)]"
golden-per8,7,14,4,2,-1,6,2,0,"[('+1', 6, 3, 0, 3), ('-1', 6, 2, 0, 2)]"
golden-per8,7,16,6,3,-1,6,3,0,"[('+1', 6, 6, 0, 6), ('-1', 6, 3, 0, 3)]"
golden-per8,7,17,2,0,-1,6,0,0,"[('+1', 6, 2, 0, 2), ('-1', 6, 0, 0, 0)]"
golden-per8,7,19,3,1,-1,6,1,0,"[('+1', 5, 4, 0, 4), ('-1', 6, 1, 0, 1)]"
golden-per8,7,22,2,-1,-1,6,-1,0,"[('+1', 6, 3, 0, 3), ('-1', 6, -1, 0, -1)]"
golden-per8,7,23,5,3,-1,6,3,0,"[('+1', 6, 4, 0, 4), ('-1', 6, 3, 0, 3)]"
golden-per8,7,25,5,3,-1,6,3,0,"[('+1', 5, 6, 0, 6), ('-1', 6, 3, 0, 3)]"
golden-per8,7,26,1,-1,-1,6,-1,0,"[('+1', 6, 0, 0, 0), ('-1', 6, -1, 0, -1)]"
golden-per8,7,28,3,1,-1,6,1,0,"[('+1', 6, 2, 0, 2), ('-1', 6, 1, 0, 1)]"
golden-per8,7,29,2,1,-1,6,1,0,"[('+1', 6, 3, 0, 3), ('-1', 6, 1, 0, 1)]"
golden-per8,7,31,4,1,-1,6,1,0,"[('+1', 6, 2, 0, 2), ('-1', 6, 1, 0, 1)]"
golden-per8,7,32,5,2,-1,6,2,0,"[('+1', 6, 5, 0, 5), ('-1', 6, 2, 0, 2)]"
golden-per8,7,34,4,2,-1,6,2,0,"[('+1', 5, 5, 0, 5), ('-1', 6, 2, 0, 2)]"
golden-per8,7,37,3,0,-1,6,0,0,"[('+1', 5, 2, 0, 2), ('-1', 6, 0, 0, 0)]"
golden-per8,7,38,2,0,-1,6,0,0,"[('+1', 5, 3, 0, 3), ('-1', 6, 0, 0, 0)]"
golden-per8,7,40,2,1,+1,5,1,0,"[('+1', 5, 1, 0, 1), ('-1', 6, 2, 0, 2)]"
golden-per8,7,41,4,2,+1,5,2,0,"[('+1', 5, 2, 0, 2), ('-1', 6, 3, 0, 3)]"
golden-per8,7,43,4,3,+1,4,2,1,"[('+1', 4, 2, 1, 3), ('-1', 6, 3, 0, 3)]"
golden-per8,7,44,1,-2,-1,6,-2,0,"[('+1', 6, 2, 0, 2), ('-1', 6, -2, 0, -2)]"
golden-per8,7,46,4,2,-1,6,2,0,"[('+1', 6, 3, 0, 3), ('-1', 6, 2, 0, 2)]"
golden-per8,7,47,2,0,-1,6,0,0,"[('+1', 6, 1, 0, 1), ('-1', 6, 0, 0, 0)]"
golden-per8,7,49,3,1,+1,6,1,0,"[('+1', 6, 1, 0, 1), ('-1', 6, 1, 0, 1)]"
golden-per8,7,50,4,2,-1,6,2,0,"[('+1', 5, 5, 0, 5), ('-1', 6, 2, 0, 2)]"
golden-per8,7,52,4,3,-1,6,3,0,"[('+1', 5, 6, 0, 6), ('-1', 6, 3, 0, 3)]"
golden-per8,7,55,5,3,+1,5,3,0,"[('+1', 5, 3, 0, 3), ('-1', 6, 3, 0, 3)]"
golden-per8,7,56,2,0,-1,6,0,0,"[('+1', 6, 1, 0, 1), ('-1', 6, 0, 0, 0)]"
golden-per8,7,58,4,1,-1,6,1,0,"[('+1', 4, 4, 1, 5), ('-1', 6, 1, 0, 1)]"
golden-per8,7,59,3,0,-1,6,0,0,"[('+1', 6, 3, 0, 3), ('-1', 6, 0, 0, 0)]"
golden-per8,7,61,4,1,-1,6,1,0,"[('+1', 4, 5, 1, 6), ('-1', 6, 1, 0, 1)]"
golden-per8,7,62,3,0,-1,6,0,0,"[('+1', 6, 1, 0, 1), ('-1', 6, 0, 0, 0)]"
golden-per8,7,64,4,1,-1,6,1,0,"[('+1', 6, 4, 0, 4), ('-1', 6, 1, 0, 1)]"
golden-per8,7,65,3,1,+1,5,1,0,"[('+1', 5, 1, 0, 1), ('-1', 6, 2, 0, 2)]"
golden-per8,7,67,1,-1,-1,6,-1,0,"[('+1', 5, 2, 0, 2), ('-1', 6, -1, 0, -1)]"
golden-per8,7,68,3,1,-1,6,1,0,"[('+1', 5, 4, 0, 4), ('-1', 6, 1, 0, 1)]"
golden-per8,7,70,5,3,-1,6,3,0,"[('+1', 6, 4, 0, 4), ('-1', 6, 3, 0, 3)]"
golden-per8,7,73,4,3,-1,6,3,0,"[('+1', 4, 3, 1, 4), ('-1', 6, 3, 0, 3)]"
golden-per8,7,74,2,-1,-1,6,-1,0,"[('+1', 5, 1, 0, 1), ('-1', 6, -1, 0, -1)]"
golden-per8,7,76,1,-1,-1,6,-1,0,"[('+1', 6, 3, 0, 3), ('-1', 6, -1, 0, -1)]"
golden-per8,7,77,4,0,-1,6,0,0,"[('+1', 3, 4, 1, 5), ('-1', 6, 0, 0, 0)]"
golden-per8,7,79,6,4,-1,6,4,0,"[('+1', 6, 6, 0, 6), ('-1', 6, 4, 0, 4)]"
golden-per8,7,80,1,0,+1,5,0,0,"[('+1', 5, 0, 0, 0), ('-1', 6, 1, 0, 1)]"
golden-per8,8,4,3,2,+1,6,1,1,"[('+1', 6, 1, 1, 2), ('-1', 6, 6, 0, 6)]"
golden-per8,8,7,5,3,-1,6,3,0,"[('+1', 6, 4, 1, 5), ('-1', 6, 3, 0, 3)]"
golden-per8,8,8,2,1,+1,6,0,1,"[('+1', 6, 0, 1, 1), ('-1', 6, 5, 0, 5)]"
golden-per8,8,14,4,2,-1,6,2,0,"[('+1', 6, 3, 1, 4), ('-1', 6, 2, 0, 2)]"
golden-per8,8,16,6,5,-1,6,5,0,"[('+1', 6, 6, 1, 7), ('-1', 6, 5, 0, 5)]"
golden-per8,8,17,2,0,-1,6,0,0,"[('+1', 4, 5, 2, 7), ('-1', 6, 0, 0, 0)]"
golden-per8,8,23,5,3,-1,6,3,0,"[('+1', 6, 4, 1, 5), ('-1', 6, 3, 0, 3)]"
golden-per8,8,25,7,5,-1,6,5,0,"[('+1', 6, 6, 1, 7), ('-1', 6, 5, 0, 5)]"
golden-per8,8,4,3,2,+1,6,1,1,"[('+1', 6, 1, 1, 2), ('-1', 6, 6, 0, 6)]"
golden-per8,8,7,5,3,-1,6,3,0,"[('+1', 6, 4, 1, 5), ('-1', 6, 3, 0, 3)]"
golden-per8,8,8,2,1,+1,6,0,1,"[('+1', 6, 0, 1, 1), ('-1', 6, 5, 0, 5)]"
golden-per8,8,14,4,2,-1,6,2,0,"[('+1', 6, 3, 1, 4), ('-1', 6, 2, 0, 2)]"
golden-per8,8,16,6,5,-1,6,5,0,"[('+1', 6, 6, 1, 7), ('-1', 6, 5, 0, 5)]"
golden-per8,8,17,2,0,-1,6,0,0,"[('+1', 4, 5, 2, 7), ('-1', 6, 0, 0, 0)]"
golden-per8,8,23,5,3,-1,6,3,0,"[('+1', 6, 4, 1, 5), ('-1', 6, 3, 0, 3)]"
golden-per8,8,25,7,5,-1,6,5,0,"[('+1', 6, 6, 1, 7), ('-1', 6, 5, 0, 5)]"
golden-per8,8,28,3,1,-1,6,1,0,"[('+1', 6, 2, 1, 3), ('-1', 6, 1, 0, 1)]"
golden-per8,8,31,4,3,+1,6,2,1,"[('+1', 6, 2, 1, 3), ('-1', 6, 4, 0, 4)]"
golden-per8,8,32,5,4,-1,6,4,0,"[('+1', 6, 5, 1, 6), ('-1', 6, 4, 0, 4)]"
golden-per8,8,35,4,3,-1,6,3,0,"[('+1', 6, 5, 1, 6), ('-1', 6, 3, 0, 3)]"
golden-per8,8,37,3,2,-1,6,2,0,"[('+1', 6, 4, 1, 5), ('-1', 6, 2, 0, 2)]"
golden-per8,8,40,3,2,+1,5,1,1,"[('+1', 5, 1, 1, 2), ('-1', 6, 5, 0, 5)]"
golden-per8,8,41,4,3,-1,6,3,0,"[('+1', 6, 5, 1, 6), ('-1', 6, 3, 0, 3)]"
golden-per8,8,43,4,3,-1,6,3,0,"[('+1', 6, 4, 1, 5), ('-1', 6, 3, 0, 3)]"
golden-per8,8,46,4,2,-1,6,2,0,"[('+1', 6, 3, 1, 4), ('-1', 6, 2, 0, 2)]"
golden-per8,8,47,3,1,-1,6,1,0,"[('+1', 6, 4, 1, 5), ('-1', 6, 1, 0, 1)]"
golden-per8,8,49,4,2,+1,6,1,1,"[('+1', 6, 1, 1, 2), ('-1', 6, 4, 0, 4)]"
golden-per8,8,50,6,4,-1,6,4,0,"[('+1', 6, 5, 1, 6), ('-1', 6, 4, 0, 4)]"
golden-per8,8,52,5,8,+1,6,7,1,"[('+1', 6, 7, 1, 8)]"
golden-per8,8,55,5,4,+1,5,3,1,"[('+1', 5, 3, 1, 4), ('-1', 6, 4, 0, 4)]"
golden-per8,8,56,2,0,-1,6,0,0,"[('+1', 6, 1, 1, 2), ('-1', 6, 0, 0, 0)]"
golden-per8,8,58,4,1,-1,6,1,0,"[('+1', 4, 4, 2, 6), ('-1', 6, 1, 0, 1)]"
golden-per8,8,61,4,1,-1,6,1,0,"[('+1', 4, 5, 2, 7), ('-1', 6, 1, 0, 1)]"
golden-per8,8,62,3,2,+1,6,1,1,"[('+1', 6, 1, 1, 2), ('-1', 6, 3, 0, 3)]"
golden-per8,8,64,4,3,-1,6,3,0,"[('+1', 6, 4, 1, 5), ('-1', 6, 3, 0, 3)]"
golden-per8,8,65,3,2,+1,5,1,1,"[('+1', 5, 1, 1, 2), ('-1', 6, 4, 0, 4)]"
golden-per8,8,67,3,4,-1,6,4,0,"[('+1', 6, 4, 1, 5), ('-1', 6, 4, 0, 4)]"
golden-per8,8,73,4,3,-1,6,3,0,"[('+1', 5, 5, 1, 6), ('-1', 6, 3, 0, 3)]"
golden-per8,8,74,2,1,-1,6,1,0,"[('+1', 6, 3, 1, 4), ('-1', 6, 1, 0, 1)]"
golden-per8,8,77,4,0,-1,6,0,0,"[('+1', 3, 4, 2, 6), ('-1', 6, 0, 0, 0)]"
golden-per8,8,79,6,9,+1,6,8,1,"[('+1', 6, 8, 1, 9)]"
golden-per8,8,80,2,1,+1,5,0,1,"[('+1', 5, 0, 1, 1), ('-1', 6, 4, 0, 4)]"
golden-per8,9,4,4,2,+1,6,1,1,"[('+1', 6, 1, 1, 2), ('-1', 6, 6, 0, 6)]"
golden-per8,9,7,6,3,-1,6,3,0,"[('+1', 6, 4, 1, 5), ('-1', 6, 3, 0, 3)]"
golden-per8,9,8,3,1,+1,6,0,1,"[('+1', 6, 0, 1, 1), ('-1', 6, 5, 0, 5)]"
golden-per8,9,13,3,2,-1,6,2,0,"[('+1', 6, 4, 1, 5), ('-1', 6, 2, 0, 2)]"
golden-per8,9,14,5,2,-1,6,2,0,"[('+1', 6, 3, 1, 4), ('-1', 6, 2, 0, 2)]"
golden-per8,9,16,6,5,-1,6,5,0,"[('+1', 6, 6, 1, 7), ('-1', 6, 5, 0, 5)]"
golden-per8,9,17,3,0,-1,6,0,0,"[('+1', 4, 5, 2, 7), ('-1', 6, 0, 0, 0)]"
golden-per8,9,23,5,3,-1,6,3,0,"[('+1', 6, 4, 1, 5), ('-1', 6, 3, 0, 3)]"
golden-per8,9,25,7,5,-1,6,5,0,"[('+1', 6, 6, 1, 7), ('-1', 6, 5, 0, 5)]"
golden-per8,9,26,2,1,-1,6,1,0,"[('+1', 6, 3, 1, 4), ('-1', 6, 1, 0, 1)]"
golden-per8,9,4,4,2,+1,6,1,1,"[('+1', 6, 1, 1, 2), ('-1', 6, 6, 0, 6)]"
golden-per8,9,7,6,3,-1,6,3,0,"[('+1', 6, 4, 1, 5), ('-1', 6, 3, 0, 3)]"
golden-per8,9,8,3,1,+1,6,0,1,"[('+1', 6, 0, 1, 1), ('-1', 6, 5, 0, 5)]"
golden-per8,9,13,3,2,-1,6,2,0,"[('+1', 6, 4, 1, 5), ('-1', 6, 2, 0, 2)]"
golden-per8,9,14,5,2,-1,6,2,0,"[('+1', 6, 3, 1, 4), ('-1', 6, 2, 0, 2)]"
golden-per8,9,16,6,5,-1,6,5,0,"[('+1', 6, 6, 1, 7), ('-1', 6, 5, 0, 5)]"
golden-per8,9,17,3,0,-1,6,0,0,"[('+1', 4, 5, 2, 7), ('-1', 6, 0, 0, 0)]"
golden-per8,9,23,5,3,-1,6,3,0,"[('+1', 6, 4, 1, 5), ('-1', 6, 3, 0, 3)]"
golden-per8,9,25,7,5,-1,6,5,0,"[('+1', 6, 6, 1, 7), ('-1', 6, 5, 0, 5)]"
golden-per8,9,26,2,1,-1,6,1,0,"[('+1', 6, 3, 1, 4), ('-1', 6, 1, 0, 1)]"
golden-per8,9,28,4,1,-1,6,1,0,"[('+1', 6, 2, 1, 3), ('-1', 6, 1, 0, 1)]"
golden-per8,9,31,5,3,+1,6,2,1,"[('+1', 6, 2, 1, 3), ('-1', 6, 4, 0, 4)]"
golden-per8,9,32,5,4,-1,6,4,0,"[('+1', 6, 5, 1, 6), ('-1', 6, 4, 0, 4)]"
golden-per8,9,35,4,3,-1,6,3,0,"[('+1', 6, 5, 1, 6), ('-1', 6, 3, 0, 3)]"
golden-per8,9,37,4,2,-1,6,2,0,"[('+1', 6, 4, 1, 5), ('-1', 6, 2, 0, 2)]"
golden-per8,9,40,3,2,+1,5,1,1,"[('+1', 5, 1, 1, 2), ('-1', 6, 5, 0, 5)]"
golden-per8,9,41,4,3,-1,6,3,0,"[('+1', 6, 5, 1, 6), ('-1', 6, 3, 0, 3)]"
golden-per8,9,43,4,3,-1,6,3,0,"[('+1', 6, 4, 1, 5), ('-1', 6, 3, 0, 3)]"
golden-per8,9,46,4,2,-1,6,2,0,"[('+1', 6, 3, 1, 4), ('-1', 6, 2, 0, 2)]"
golden-per8,9,47,4,1,-1,6,1,0,"[('+1', 6, 4, 1, 5), ('-1', 6, 1, 0, 1)]"
golden-per8,9,49,4,2,+1,6,1,1,"[('+1', 6, 1, 1, 2), ('-1', 6, 4, 0, 4)]"
golden-per8,9,50,6,4,-1,6,4,0,"[('+1', 6, 5, 1, 6), ('-1', 6, 4, 0, 4)]"
golden-per8,9,52,6,8,+1,6,7,1,"[('+1', 6, 7, 1, 8)]"
golden-per8,9,53,4,3,+1,4,1,2,"[('+1', 4, 1, 2, 3), ('-1', 6, 3, 0, 3)]"
golden-per8,9,55,5,4,+1,5,3,1,"[('+1', 5, 3, 1, 4), ('-1', 6, 4, 0, 4)]"
golden-per8,9,56,3,0,-1,6,0,0,"[('+1', 6, 1, 1, 2), ('-1', 6, 0, 0, 0)]"
golden-per8,9,58,4,1,-1,6,1,0,"[('+1', 4, 4, 2, 6), ('-1', 6, 1, 0, 1)]"
golden-per8,9,61,4,1,-1,6,1,0,"[('+1', 4, 5, 2, 7), ('-1', 6, 1, 0, 1)]"
golden-per8,9,62,4,2,+1,6,1,1,"[('+1', 6, 1, 1, 2), ('-1', 6, 3, 0, 3)]"
golden-per8,9,64,4,3,-1,6,3,0,"[('+1', 6, 4, 1, 5), ('-1', 6, 3, 0, 3)]"
golden-per8,9,65,3,2,+1,5,1,1,"[('+1', 5, 1, 1, 2), ('-1', 6, 4, 0, 4)]"
golden-per8,9,67,3,4,-1,6,4,0,"[('+1', 6, 4, 1, 5), ('-1', 6, 4, 0, 4)]"
golden-per8,9,71,3,1,-1,6,1,0,"[('+1', 6, 2, 1, 3), ('-1', 6, 1, 0, 1)]"
golden-per8,9,73,4,3,-1,6,3,0,"[('+1', 5, 5, 1, 6), ('-1', 6, 3, 0, 3)]"
golden-per8,9,74,3,1,-1,6,1,0,"[('+1', 6, 3, 1, 4), ('-1', 6, 1, 0, 1)]"
golden-per8,9,77,4,0,-1,6,0,0,"[('+1', 3, 4, 2, 6), ('-1', 6, 0, 0, 0)]"
golden-per8,9,79,6,9,+1,6,8,1,"[('+1', 6, 8, 1, 9)]"
golden-per8,9,80,2,1,+1,5,0,1,"[('+1', 5, 0, 1, 1), ('-1', 6, 4, 0, 4)]"
golden-per8,10,4,4,2,+1,6,1,1,"[('+1', 6, 1, 1, 2), ('-1', 6, 6, 0, 6)]"
golden-per8,10,5,4,3,-1,6,3,0,"[('+1', 5, 4, 1, 5), ('-1', 6, 3, 0, 3)]"
golden-per8,10,7,6,3,-1,6,3,0,"[('+1', 6, 4, 1, 5), ('-1', 6, 3, 0, 3)]"
golden-per8,10,8,3,1,+1,6,0,1,"[('+1', 6, 0, 1, 1), ('-1', 6, 5, 0, 5)]"
golden-per8,10,10,3,2,-1,6,2,0,"[('+1', 5, 3, 1, 4), ('-1', 6, 2, 0, 2)]"
golden-per8,10,13,3,2,-1,6,2,0,"[('+1', 6, 4, 1, 5), ('-1', 6, 2, 0, 2)]"
golden-per8,10,14,5,2,-1,6,2,0,"[('+1', 6, 3, 1, 4), ('-1', 6, 2, 0, 2)]"
golden-per8,10,16,6,5,-1,6,5,0,"[('+1', 6, 6, 1, 7), ('-1', 6, 5, 0, 5)]"
golden-per8,10,17,3,0,-1,6,0,0,"[('+1', 4, 5, 2, 7), ('-1', 6, 0, 0, 0)]"
golden-per8,10,19,4,3,-1,6,3,0,"[('+1', 6, 5, 1, 6), ('-1', 6, 3, 0, 3)]"
golden-per8,10,20,2,1,-1,6,1,0,"[('+1', 5, 2, 1, 3), ('-1', 6, 1, 0, 1)]"
golden-per8,10,23,5,3,-1,6,3,0,"[('+1', 6, 4, 1, 5), ('-1', 6, 3, 0, 3)]"
golden-per8,10,25,7,5,-1,6,5,0,"[('+1', 6, 6, 1, 7), ('-1', 6, 5, 0, 5)]"
golden-per8,10,26,2,1,-1,6,1,0,"[('+1', 6, 3, 1, 4), ('-1', 6, 1, 0, 1)]"
golden-per8,10,4,4,2,+1,6,1,1,"[('+1', 6, 1, 1, 2), ('-1', 6, 6, 0, 6)]"
golden-per8,10,5,4,3,-1,6,3,0,"[('+1', 5, 4, 1, 5), ('-1', 6, 3, 0, 3)]"
golden-per8,10,7,6,3,-1,6,3,0,"[('+1', 6, 4, 1, 5), ('-1', 6, 3, 0, 3)]"
golden-per8,10,8,3,1,+1,6,0,1,"[('+1', 6, 0, 1, 1), ('-1', 6, 5, 0, 5)]"
golden-per8,10,10,3,2,-1,6,2,0,"[('+1', 5, 3, 1, 4), ('-1', 6, 2, 0, 2)]"
golden-per8,10,13,3,2,-1,6,2,0,"[('+1', 6, 4, 1, 5), ('-1', 6, 2, 0, 2)]"
golden-per8,10,14,5,2,-1,6,2,0,"[('+1', 6, 3, 1, 4), ('-1', 6, 2, 0, 2)]"
golden-per8,10,16,6,5,-1,6,5,0,"[('+1', 6, 6, 1, 7), ('-1', 6, 5, 0, 5)]"
golden-per8,10,17,3,0,-1,6,0,0,"[('+1', 4, 5, 2, 7), ('-1', 6, 0, 0, 0)]"
golden-per8,10,19,4,3,-1,6,3,0,"[('+1', 6, 5, 1, 6), ('-1', 6, 3, 0, 3)]"
golden-per8,10,20,2,1,-1,6,1,0,"[('+1', 5, 2, 1, 3), ('-1', 6, 1, 0, 1)]"
golden-per8,10,23,5,3,-1,6,3,0,"[('+1', 6, 4, 1, 5), ('-1', 6, 3, 0, 3)]"
golden-per8,10,25,7,5,-1,6,5,0,"[('+1', 6, 6, 1, 7), ('-1', 6, 5, 0, 5)]"
golden-per8,10,26,2,1,-1,6,1,0,"[('+1', 6, 3, 1, 4), ('-1', 6, 1, 0, 1)]"
golden-per8,10,28,4,1,-1,6,1,0,"[('+1', 6, 2, 1, 3), ('-1', 6, 1, 0, 1)]"
golden-per8,10,31,5,3,+1,6,2,1,"[('+1', 6, 2, 1, 3), ('-1', 6, 4, 0, 4)]"
golden-per8,10,32,5,4,-1,6,4,0,"[('+1', 6, 5, 1, 6), ('-1', 6, 4, 0, 4)]"
golden-per8,10,34,7,6,-1,6,6,0,"[('+1', 6, 7, 1, 8), ('-1', 6, 6, 0, 6)]"
golden-per8,10,35,4,3,-1,6,3,0,"[('+1', 6, 5, 1, 6), ('-1', 6, 3, 0, 3)]"
golden-per8,10,37,4,2,-1,6,2,0,"[('+1', 6, 4, 1, 5), ('-1', 6, 2, 0, 2)]"
golden-per8,10,38,3,2,-1,6,2,0,"[('+1', 6, 4, 1, 5), ('-1', 6, 2, 0, 2)]"
golden-per8,10,40,4,2,+1,5,1,1,"[('+1', 5, 1, 1, 2), ('-1', 6, 5, 0, 5)]"
golden-per8,10,41,4,3,-1,6,3,0,"[('+1', 6, 5, 1, 6), ('-1', 6, 3, 0, 3)]"
golden-per8,10,43,4,3,-1,6,3,0,"[('+1', 6, 4, 1, 5), ('-1', 6, 3, 0, 3)]"
golden-per8,10,46,4,2,-1,6,2,0,"[('+1', 6, 3, 1, 4), ('-1', 6, 2, 0, 2)]"
golden-per8,10,47,4,1,-1,6,1,0,"[('+1', 6, 4, 1, 5), ('-1', 6, 1, 0, 1)]"
golden-per8,10,49,4,2,+1,6,1,1,"[('+1', 6, 1, 1, 2), ('-1', 6, 4, 0, 4)]"
golden-per8,10,50,6,4,-1,6,4,0,"[('+1', 6, 5, 1, 6), ('-1', 6, 4, 0, 4)]"
golden-per8,10,52,7,8,+1,6,7,1,"[('+1', 6, 7, 1, 8)]"
golden-per8,10,53,4,3,+1,4,1,2,"[('+1', 4, 1, 2, 3), ('-1', 6, 3, 0, 3)]"
golden-per8,10,55,5,4,+1,5,3,1,"[('+1', 5, 3, 1, 4), ('-1', 6, 4, 0, 4)]"
golden-per8,10,56,3,0,-1,6,0,0,"[('+1', 6, 1, 1, 2), ('-1', 6, 0, 0, 0)]"
golden-per8,10,58,4,1,-1,6,1,0,"[('+1', 4, 4, 2, 6), ('-1', 6, 1, 0, 1)]"
golden-per8,10,61,5,1,-1,6,1,0,"[('+1', 4, 5, 2, 7), ('-1', 6, 1, 0, 1)]"
golden-per8,10,62,4,2,+1,6,1,1,"[('+1', 6, 1, 1, 2), ('-1', 6, 3, 0, 3)]"
golden-per8,10,64,4,3,-1,6,3,0,"[('+1', 6, 4, 1, 5), ('-1', 6, 3, 0, 3)]"
golden-per8,10,65,3,2,+1,5,1,1,"[('+1', 5, 1, 1, 2), ('-1', 6, 4, 0, 4)]"
golden-per8,10,67,3,4,-1,6,4,0,"[('+1', 6, 4, 1, 5), ('-1', 6, 4, 0, 4)]"
golden-per8,10,68,6,5,-1,6,5,0,"[('+1', 6, 6, 1, 7), ('-1', 6, 5, 0, 5)]"
golden-per8,10,71,3,1,-1,6,1,0,"[('+1', 6, 2, 1, 3), ('-1', 6, 1, 0, 1)]"
golden-per8,10,73,4,3,-1,6,3,0,"[('+1', 5, 5, 1, 6), ('-1', 6, 3, 0, 3)]"
golden-per8,10,74,3,1,-1,6,1,0,"[('+1', 6, 3, 1, 4), ('-1', 6, 1, 0, 1)]"
golden-per8,10,76,2,1,-1,6,1,0,"[('+1', 6, 3, 1, 4), ('-1', 6, 1, 0, 1)]"
golden-per8,10,77,4,0,-1,6,0,0,"[('+1', 3, 4, 2, 6), ('-1', 6, 0, 0, 0)]"
golden-per8,10,79,7,9,+1,6,8,1,"[('+1', 6, 8, 1, 9)]"
golden-per8,10,80,3,1,+1,5,0,1,"[('+1', 5, 0, 1, 1), ('-1', 6, 4, 0, 4)]"
sqrt2-per12,3,4,2,1,+1,2,1,0,"[('+1', 2, 1, 0, 1)]"
sqrt2-per12,3,8,1,0,+1,2,0,0,"[('+1', 2, 0, 0, 0)]"
sqrt2-per12,3,4,2,1,+1,2,1,0,"[('+1', 2, 1, 0, 1)]"
sqrt2-per12,3,8,1,0,+1,2,0,0,"[('+1', 2, 0, 0, 0)]"
sqrt2-per12,4,5,2,1,+1,4,1,0,"[('+1', 4, 1, 0, 1)]"
sqrt2-per12,4,10,1,0,+1,4,0,0,"[('+1', 4, 0, 0, 0)]"
sqrt2-per12,4,5,2,1,+1,4,1,0,"[('+1', 4, 1, 0, 1)]"
sqrt2-per12,4,10,1,0,+1,4,0,0,"[('+1', 4, 0, 0, 0)]"
sqrt2-per12,4,31,3,2,+1,2,1,1,"[('+1', 2, 1, 1, 2)]"
sqrt2-per12,4,43,3,2,+1,4,2,0,"[('+1', 4, 2, 0, 2)]"
sqrt2-per12,4,62,2,1,+1,2,0,1,"[('+1', 2, 0, 1, 1)]"
sqrt2-per12,4,67,2,1,+1,3,0,1,"[('+1', 3, 0, 1, 1)]"
sqrt2-per12,5,4,2,1,+1,5,1,0,"[('+1', 5, 1, 0, 1)]"
sqrt2-per12,5,5,2,1,+1,5,1,0,"[('+1', 5, 1, 0, 1)]"
sqrt2-per12,5,8,1,0,+1,5,0,0,"[('+1', 5, 0, 0, 0)]"
sqrt2-per12,5,10,1,0,+1,5,0,0,"[('+1', 5, 0, 0, 0)]"
sqrt2-per12,5,13,2,1,+1,4,0,1,"[('+1', 4, 0, 1, 1)]"
sqrt2-per12,5,22,3,2,+1,4,1,1,"[('+1', 4, 1, 1, 2)]"
sqrt2-per12,5,25,6,5,+1,4,4,1,"[('+1', 4, 4, 1, 5)]"
sqrt2-per12,5,26,1,0,+1,5,0,0,"[('+1', 5, 0, 0, 0)]"
sqrt2-per12,5,4,2,1,+1,5,1,0,"[('+1', 5, 1, 0, 1)]"
sqrt2-per12,5,5,2,1,+1,5,1,0,"[('+1', 5, 1, 0, 1)]"
sqrt2-per12,5,8,1,0,+1,5,0,0,"[('+1', 5, 0, 0, 0)]"
sqrt2-per12,5,10,1,0,+1,5,0,0,"[('+1', 5, 0, 0, 0)]"
sqrt2-per12,5,13,2,1,+1,4,0,1,"[('+1', 4, 0, 1, 1)]"
sqrt2-per12,5,22,3,2,+1,4,1,1,"[('+1', 4, 1, 1, 2)]"
sqrt2-per12,5,25,6,5,+1,4,4,1,"[('+1', 4, 4, 1, 5)]"
sqrt2-per12,5,26,1,0,+1,5,0,0,"[('+1', 5, 0, 0, 0)]"
sqrt2-per12,5,29,2,1,+1,5,1,0,"[('+1', 5, 1, 0, 1)]"
sqrt2-per12,5,31,4,3,+1,2,1,2,"[('+1', 2, 1, 2, 3)]"
sqrt2-per12,5,34,5,4,+1,5,4,0,"[('+1', 5, 4, 0, 4)]"
sqrt2-per12,5,37,3,2,+1,4,1,1,"[('+1', 4, 1, 1, 2)]"
sqrt2-per12,5,43,4,3,+1,4,2,1,"[('+1', 4, 2, 1, 3)]"
sqrt2-per12,5,44,2,1,+1,4,0,1,"[('+1', 4, 0, 1, 1)]"
sqrt2-per12,5,50,5,4,+1,4,3,1,"[('+1', 4, 3, 1, 4)]"
sqrt2-per12,5,52,5,4,+1,5,4,0,"[('+1', 5, 4, 0, 4)]"
sqrt2-per12,5,53,3,2,+1,4,1,1,"[('+1', 4, 1, 1, 2)]"
sqrt2-per12,5,56,1,0,+1,5,0,0,"[('+1', 5, 0, 0, 0)]"
sqrt2-per12,5,59,2,1,+1,5,1,0,"[('+1', 5, 1, 0, 1)]"
sqrt2-per12,5,62,3,2,+1,2,0,2,"[('+1', 2, 0, 2, 2)]"
sqrt2-per12,5,65,2,1,+1,5,1,0,"[('+1', 5, 1, 0, 1)]"
sqrt2-per12,5,68,4,3,+1,5,3,0,"[('+1', 5, 3, 0, 3)]"
sqrt2-per12,5,70,5,4,+1,4,3,1,"[('+1', 4, 3, 1, 4)]"
sqrt2-per12,5,71,1,0,+1,5,0,0,"[('+1', 5, 0, 0, 0)]"
sqrt2-per12,5,73,5,4,+1,4,3,1,"[('+1', 4, 3, 1, 4)]"
sqrt2-per12,5,74,2,1,+1,4,0,1,"[('+1', 4, 0, 1, 1)]"
sqrt2-per12,5,77,4,3,+1,5,3,0,"[('+1', 5, 3, 0, 3)]"
sqrt2-per12,5,79,7,6,+1,4,5,1,"[('+1', 4, 5, 1, 6)]"
sqrt2-per12,5,80,1,0,+1,5,0,0,"[('+1', 5, 0, 0, 0)]"
sqrt2-per12,6,1,3,0,-1,6,0,0,"[('+1', 0, 0, 3, 3), ('-1', 6, 0, 0, 0)]"
sqrt2-per12,6,2,2,-1,-1,6,-1,0,"[('+1', 6, 1, 0, 1), ('-1', 6, -1, 0, -1)]"
sqrt2-per12,6,4,2,-1,-1,6,-1,0,"[('+1', 6, 1, 0, 1), ('-1', 6, -1, 0, -1)]"
sqrt2-per12,6,5,3,0,-1,6,0,0,"[('+1', 5, 1, 0, 1), ('-1', 6, 0, 0, 0)]"
sqrt2-per12,6,7,5,2,-1,6,2,0,"[('+1', 5, 3, 0, 3), ('-1', 6, 2, 0, 2)]"
sqrt2-per12,6,8,1,-2,-1,6,-2,0,"[('+1', 6, 0, 0, 0), ('-1', 6, -2, 0, -2)]"
sqrt2-per12,6,10,2,-1,-1,6,-1,0,"[('+1', 5, 0, 0, 0), ('-1', 6, -1, 0, -1)]"
sqrt2-per12,6,11,3,0,-1,6,0,0,"[('+1', 6, 2, 0, 2), ('-1', 6, 0, 0, 0)]"
sqrt2-per12,6,13,2,-1,-1,6,-1,0,"[('+1', 4, 0, 1, 1), ('-1', 6, -1, 0, -1)]"
sqrt2-per12,6,14,4,1,-1,6,1,0,"[('+1', 5, 2, 0, 2), ('-1', 6, 1, 0, 1)]"
sqrt2-per12,6,16,6,3,-1,6,3,0,"[('+1', 5, 4, 0, 4), ('-1', 6, 3, 0, 3)]"
sqrt2-per12,6,17,3,-1,-1,6,-1,0,"[('+1', 5, 1, 0, 1), ('-1', 6, -1, 0, -1)]"
sqrt2-per12,6,19,4,0,-1,6,0,0,"[('+1', 6, 3, 0, 3), ('-1', 6, 0, 0, 0)]"
sqrt2-per12,6,20,1,-2,-1,6,-2,0,"[('+1', 6, 0, 0, 0), ('-1', 6, -2, 0, -2)]"
sqrt2-per12,6,22,3,-1,-1,6,-1,0,"[('+1', 6, 1, 0, 1), ('-1', 6, -1, 0, -1)]"
sqrt2-per12,6,23,5,2,-1,6,2,0,"[('+1', 2, 3, 2, 5), ('-1', 6, 2, 0, 2)]"
sqrt2-per12,6,25,6,3,-1,6,3,0,"[('+1', 4, 4, 1, 5), ('-1', 6, 3, 0, 3)]"
sqrt2-per12,6,26,1,-2,-1,6,-2,0,"[('+1', 6, 0, 0, 0), ('-1', 6, -2, 0, -2)]"
sqrt2-per12,6,1,3,0,-1,6,0,0,"[('+1', 0, 0, 3, 3), ('-1', 6, 0, 0, 0)]"
sqrt2-per12,6,2,2,-1,-1,6,-1,0,"[('+1', 6, 1, 0, 1), ('-1', 6, -1, 0, -1)]"
sqrt2-per12,6,4,2,-1,-1,6,-1,0,"[('+1', 6, 1, 0, 1), ('-1', 6, -1, 0, -1)]"
sqrt2-per12,6,5,3,0,-1,6,0,0,"[('+1', 5, 1, 0, 1), ('-1', 6, 0, 0, 0)]"
sqrt2-per12,6,7,5,2,-1,6,2,0,"[('+1', 5, 3, 0, 3), ('-1', 6, 2, 0, 2)]"
sqrt2-per12,6,8,1,-2,-1,6,-2,0,"[('+1', 6, 0, 0, 0), ('-1', 6, -2, 0, -2)]"
sqrt2-per12,6,10,2,-1,-1,6,-1,0,"[('+1', 5, 0, 0, 0), ('-1', 6, -1, 0, -1)]"
sqrt2-per12,6,11,3,0,-1,6,0,0,"[('+1', 6, 2, 0, 2), ('-1', 6, 0, 0, 0)]"
sqrt2-per12,6,13,2,-1,-1,6,-1,0,"[('+1', 4, 0, 1, 1), ('-1', 6, -1, 0, -1)]"
sqrt2-per12,6,14,4,1,-1,6,1,0,"[('+1', 5, 2, 0, 2), ('-1', 6, 1, 0, 1)]"
sqrt2-per12,6,16,6,3,-1,6,3,0,"[('+1', 5, 4, 0, 4), ('-1', 6, 3, 0, 3)]"
sqrt2-per12,6,17,3,-1,-1,6,-1,0,"[('+1', 5, 1, 0, 1), ('-1', 6, -1, 0, -1)]"
sqrt2-per12,6,19,4,0,-1,6,0,0,"[('+1', 6, 3, 0, 3), ('-1', 6, 0, 0, 0)]"
sqrt2-per12,6,20,1,-2,-1,6,-2,0,"[('+1', 6, 0, 0, 0), ('-1', 6, -2, 0, -2)]"
sqrt2-per12,6,22,3,-1,-1,6,-1,0,"[('+1', 6, 1, 0, 1), ('-1', 6, -1, 0, -1)]"
sqrt2-per12,6,23,5,2,-1,6,2,0,"[('+1', 2, 3, 2, 5), ('-1', 6, 2, 0, 2)]"
sqrt2-per12,6,25,6,3,-1,6,3,0,"[('+1', 4, 4, 1, 5), ('-1', 6, 3, 0, 3)]"
sqrt2-per12,6,26,1,-2,-1,6,-2,0,"[('+1', 6, 0, 0, 0), ('-1', 6, -2, 0, -2)]"
sqrt2-per12,6,28,3,0,-1,6,0,0,"[('+1', 5, 1, 0, 1), ('-1', 6, 0, 0, 0)]"
sqrt2-per12,6,29,2,-2,-1,6,-2,0,"[('+1', 6, 2, 0, 2), ('-1', 6, -2, 0, -2)]"
sqrt2-per12,6,31,4,0,-1,6,0,0,"[('+1', 6, 2, 0, 2), ('-1', 6, 0, 0, 0)]"
sqrt2-per12,6,32,5,2,-1,6,2,0,"[('+1', 5, 3, 0, 3), ('-1', 6, 2, 0, 2)]"
sqrt2-per12,6,34,5,2,-1,6,2,0,"[('+1', 6, 4, 0, 4), ('-1', 6, 2, 0, 2)]"
sqrt2-per12,6,35,4,1,-1,6,1,0,"[('+1', 3, 2, 2, 4), ('-1', 6, 1, 0, 1)]"
sqrt2-per12,6,37,4,0,-1,6,0,0,"[('+1', 5, 2, 0, 2), ('-1', 6, 0, 0, 0)]"
sqrt2-per12,6,38,3,-1,-1,6,-1,0,"[('+1', 6, 2, 0, 2), ('-1', 6, -1, 0, -1)]"
sqrt2-per12,6,40,3,0,-1,6,0,0,"[('+1', 5, 1, 0, 1), ('-1', 6, 0, 0, 0)]"
sqrt2-per12,6,41,4,1,-1,6,1,0,"[('+1', 5, 2, 0, 2), ('-1', 6, 1, 0, 1)]"
sqrt2-per12,6,43,4,1,-1,6,1,0,"[('+1', 4, 2, 1, 3), ('-1', 6, 1, 0, 1)]"
sqrt2-per12,6,44,2,-2,-1,6,-2,0,"[('+1', 6, 0, 0, 0), ('-1', 6, -2, 0, -2)]"
sqrt2-per12,6,46,4,1,-1,6,1,0,"[('+1', 2, 2, 2, 4), ('-1', 6, 1, 0, 1)]"
sqrt2-per12,6,47,2,-1,-1,6,-1,0,"[('+1', 3, 0, 2, 2), ('-1', 6, -1, 0, -1)]"
sqrt2-per12,6,49,3,-1,-1,6,-1,0,"[('+1', 6, 1, 0, 1), ('-1', 6, -1, 0, -1)]"
sqrt2-per12,6,50,5,2,-1,6,2,0,"[('+1', 4, 3, 1, 4), ('-1', 6, 2, 0, 2)]"
sqrt2-per12,6,52,5,1,-1,6,1,0,"[('+1', 6, 5, 0, 5), ('-1', 6, 1, 0, 1)]"
sqrt2-per12,6,53,3,0,-1,6,0,0,"[('+1', 4, 1, 1, 2), ('-1', 6, 0, 0, 0)]"
sqrt2-per12,6,55,5,2,-1,6,2,0,"[('+1', 5, 3, 0, 3), ('-1', 6, 2, 0, 2)]"
sqrt2-per12,6,56,2,-1,-1,6,-1,0,"[('+1', 5, 0, 0, 0), ('-1', 6, -1, 0, -1)]"
sqrt2-per12,6,58,5,1,-1,6,1,0,"[('+1', 6, 3, 0, 3), ('-1', 6, 1, 0, 1)]"
sqrt2-per12,6,59,3,0,-1,6,0,0,"[('+1', 5, 1, 0, 1), ('-1', 6, 0, 0, 0)]"
sqrt2-per12,6,61,5,1,-1,6,1,0,"[('+1', 6, 3, 0, 3), ('-1', 6, 1, 0, 1)]"
sqrt2-per12,6,62,3,-1,-1,6,-1,0,"[('+1', 6, 1, 0, 1), ('-1', 6, -1, 0, -1)]"
sqrt2-per12,6,64,4,1,-1,6,1,0,"[('+1', 5, 2, 0, 2), ('-1', 6, 1, 0, 1)]"
sqrt2-per12,6,65,4,0,-1,6,0,0,"[('+1', 5, 1, 0, 1), ('-1', 6, 0, 0, 0)]"
sqrt2-per12,6,67,2,-1,-1,6,-1,0,"[('+1', 6, 1, 0, 1), ('-1', 6, -1, 0, -1)]"
sqrt2-per12,6,68,4,1,-1,6,1,0,"[('+1', 6, 3, 0, 3), ('-1', 6, 1, 0, 1)]"
sqrt2-per12,6,70,5,2,-1,6,2,0,"[('+1', 4, 3, 1, 4), ('-1', 6, 2, 0, 2)]"
sqrt2-per12,6,71,1,-2,-1,6,-2,0,"[('+1', 6, 0, 0, 0), ('-1', 6, -2, 0, -2)]"
sqrt2-per12,6,73,5,2,-1,6,2,0,"[('+1', 4, 3, 1, 4), ('-1', 6, 2, 0, 2)]"
sqrt2-per12,6,74,3,-1,-1,6,-1,0,"[('+1', 5, 1, 0, 1), ('-1', 6, -1, 0, -1)]"
sqrt2-per12,6,76,2,-2,-1,6,-2,0,"[('+1', 6, 1, 0, 1), ('-1', 6, -2, 0, -2)]"
sqrt2-per12,6,77,4,0,-1,6,0,0,"[('+1', 3, 4, 2, 6), ('-1', 6, 0, 0, 0)]"
sqrt2-per12,6,79,7,3,-1,6,3,0,"[('+1', 6, 6, 0, 6), ('-1', 6, 3, 0, 3)]"
sqrt2-per12,6,80,2,-1,-1,6,-1,0,"[('+1', 5, 0, 0, 0), ('-1', 6, -1, 0, -1)]"
sqrt2-per12,7,1,4,2,-1,6,2,0,"[('+1', 0, 0, 4, 4), ('-1', 6, 2, 0, 2)]"
sqrt2-per12,7,2,3,1,-1,6,1,0,"[('+1', 6, 2, 1, 3), ('-1', 6, 1, 0, 1)]"
sqrt2-per12,7,4,4,2,+1,6,1,1,"[('+1', 6, 1, 1, 2), ('-1', 6, 2, 0, 2)]"
sqrt2-per12,7,5,4,2,+1,5,1,1,"[('+1', 5, 1, 1, 2), ('-1', 6, 2, 0, 2)]"
sqrt2-per12,7,7,6,3,-1,6,3,0,"[('+1', 6, 4, 1, 5), ('-1', 6, 3, 0, 3)]"
sqrt2-per12,7,8,3,1,+1,6,0,1,"[('+1', 6, 0, 1, 1), ('-1', 6, 1, 0, 1)]"
sqrt2-per12,7,10,3,1,+1,5,0,1,"[('+1', 5, 0, 1, 1), ('-1', 6, 1, 0, 1)]"
sqrt2-per12,7,11,4,0,-1,6,0,0,"[('+1', 6, 2, 1, 3), ('-1', 6, 0, 0, 0)]"
sqrt2-per12,7,13,3,0,-1,6,0,0,"[('+1', 6, 1, 1, 2), ('-1', 6, 0, 0, 0)]"
sqrt2-per12,7,14,5,2,-1,6,2,0,"[('+1', 6, 3, 1, 4), ('-1', 6, 2, 0, 2)]"
sqrt2-per12,7,16,6,3,-1,6,3,0,"[('+1', 6, 6, 1, 7), ('-1', 6, 3, 0, 3)]"
sqrt2-per12,7,17,3,0,-1,6,0,0,"[('+1', 6, 2, 1, 3), ('-1', 6, 0, 0, 0)]"
sqrt2-per12,7,19,4,1,-1,6,1,0,"[('+1', 5, 4, 1, 5), ('-1', 6, 1, 0, 1)]"
sqrt2-per12,7,20,2,0,-1,6,0,0,"[('+1', 6, 1, 1, 2), ('-1', 6, 0, 0, 0)]"
sqrt2-per12,7,22,3,-1,-1,6,-1,0,"[('+1', 6, 3, 1, 4), ('-1', 6, -1, 0, -1)]"
sqrt2-per12,7,23,6,3,-1,6,3,0,"[('+1', 6, 4, 1, 5), ('-1', 6, 3, 0, 3)]"
sqrt2-per12,7,25,6,3,-1,6,3,0,"[('+1', 5, 6, 1, 7), ('-1', 6, 3, 0, 3)]"
sqrt2-per12,7,26,2,-1,-1,6,-1,0,"[('+1', 6, 0, 1, 1), ('-1', 6, -1, 0, -1)]"
sqrt2-per12,7,1,4,2,-1,6,2,0,"[('+1', 0, 0, 4, 4), ('-1', 6, 2, 0, 2)]"
sqrt2-per12,7,2,3,1,-1,6,1,0,"[('+1', 6, 2, 1, 3), ('-1', 6, 1, 0, 1)]"
sqrt2-per12,7,4,4,2,+1,6,1,1,"[('+1', 6, 1, 1, 2), ('-1', 6, 2, 0, 2)]"
sqrt2-per12,7,5,4,2,+1,5,1,1,"[('+1', 5, 1, 1, 2), ('-1', 6, 2, 0, 2)]"
sqrt2-per12,7,7,6,3,-1,6,3,0,"[('+1', 6, 4, 1, 5), ('-1', 6, 3, 0, 3)]"
sqrt2-per12,7,8,3,1,+1,6,0,1,"[('+1', 6, 0, 1, 1), ('-1', 6, 1, 0, 1)]"
sqrt2-per12,7,10,3,1,+1,5,0,1,"[('+1', 5, 0, 1, 1), ('-1', 6, 1, 0, 1)]"
sqrt2-per12,7,11,4,0,-1,6,0,0,"[('+1', 6, 2, 1, 3), ('-1', 6, 0, 0, 0)]"
sqrt2-per12,7,13,3,0,-1,6,0,0,"[('+1', 6, 1, 1, 2), ('-1', 6, 0, 0, 0)]"
sqrt2-per12,7,14,5,2,-1,6,2,0,"[('+1', 6, 3, 1, 4), ('-1', 6, 2, 0, 2)]"
sqrt2-per12,7,16,6,3,-1,6,3,0,"[('+1', 6, 6, 1, 7), ('-1', 6, 3, 0, 3)]"
sqrt2-per12,7,17,3,0,-1,6,0,0,"[('+1', 6, 2, 1, 3), ('-1', 6, 0, 0, 0)]"
sqrt2-per12,7,19,4,1,-1,6,1,0,"[('+1', 5, 4, 1, 5), ('-1', 6, 1, 0, 1)]"
sqrt2-per12,7,20,2,0,-1,6,0,0,"[('+1', 6, 1, 1, 2), ('-1', 6, 0, 0, 0)]"
sqrt2-per12,7,22,3,-1,-1,6,-1,0,"[('+1', 6, 3, 1, 4), ('-1', 6, -1, 0, -1)]"
sqrt2-per12,7,23,6,3,-1,6,3,0,"[('+1', 6, 4, 1, 5), ('-1', 6, 3, 0, 3)]"
sqrt2-per12,7,25,6,3,-1,6,3,0,"[('+1', 5, 6, 1, 7), ('-1', 6, 3, 0, 3)]"
sqrt2-per12,7,26,2,-1,-1,6,-1,0,"[('+1', 6, 0, 1, 1), ('-1', 6, -1, 0, -1)]"
sqrt2-per12,7,28,4,1,-1,6,1,0,"[('+1', 6, 2, 1, 3), ('-1', 6, 1, 0, 1)]"
sqrt2-per12,7,29,3,1,-1,6,1,0,"[('+1', 6, 3, 1, 4), ('-1', 6, 1, 0, 1)]"
sqrt2-per12,7,31,5,1,-1,6,1,0,"[('+1', 6, 2, 1, 3), ('-1', 6, 1, 0, 1)]"
sqrt2-per12,7,32,5,2,-1,6,2,0,"[('+1', 6, 5, 1, 6), ('-1', 6, 2, 0, 2)]"
sqrt2-per12,7,34,5,2,-1,6,2,0,"[('+1', 5, 5, 1, 6), ('-1', 6, 2, 0, 2)]"
sqrt2-per12,7,35,5,3,-1,6,3,0,"[('+1', 3, 2, 3, 5), ('-1', 6, 3, 0, 3)]"
sqrt2-per12,7,37,4,0,-1,6,0,0,"[('+1', 5, 2, 1, 3), ('-1', 6, 0, 0, 0)]"
sqrt2-per12,7,38,3,0,-1,6,0,0,"[('+1', 5, 3, 1, 4), ('-1', 6, 0, 0, 0)]"
sqrt2-per12,7,40,4,2,+1,5,1,1,"[('+1', 5, 1, 1, 2), ('-1', 6, 2, 0, 2)]"
sqrt2-per12,7,41,5,3,+1,5,2,1,"[('+1', 5, 2, 1, 3), ('-1', 6, 3, 0, 3)]"
sqrt2-per12,7,43,5,3,-1,6,3,0,"[('+1', 4, 2, 2, 4), ('-1', 6, 3, 0, 3)]"
sqrt2-per12,7,44,2,-2,-1,6,-2,0,"[('+1', 6, 2, 1, 3), ('-1', 6, -2, 0, -2)]"
sqrt2-per12,7,46,5,2,-1,6,2,0,"[('+1', 6, 3, 1, 4), ('-1', 6, 2, 0, 2)]"
sqrt2-per12,7,47,3,0,-1,6,0,0,"[('+1', 6, 1, 1, 2), ('-1', 6, 0, 0, 0)]"
sqrt2-per12,7,49,4,1,-1,6,1,0,"[('+1', 6, 1, 1, 2), ('-1', 6, 1, 0, 1)]"
sqrt2-per12,7,50,5,2,-1,6,2,0,"[('+1', 5, 5, 1, 6), ('-1', 6, 2, 0, 2)]"
sqrt2-per12,7,52,5,3,-1,6,3,0,"[('+1', 5, 6, 1, 7), ('-1', 6, 3, 0, 3)]"
sqrt2-per12,7,53,4,2,-1,6,2,0,"[('+1', 4, 1, 2, 3), ('-1', 6, 2, 0, 2)]"
sqrt2-per12,7,55,6,3,-1,6,3,0,"[('+1', 5, 3, 1, 4), ('-1', 6, 3, 0, 3)]"
sqrt2-per12,7,56,3,0,-1,6,0,0,"[('+1', 6, 1, 1, 2), ('-1', 6, 0, 0, 0)]"
sqrt2-per12,7,58,5,1,-1,6,1,0,"[('+1', 4, 4, 2, 6), ('-1', 6, 1, 0, 1)]"
sqrt2-per12,7,59,3,0,-1,6,0,0,"[('+1', 6, 3, 1, 4), ('-1', 6, 0, 0, 0)]"
sqrt2-per12,7,61,5,1,-1,6,1,0,"[('+1', 4, 5, 2, 7), ('-1', 6, 1, 0, 1)]"
sqrt2-per12,7,62,4,0,-1,6,0,0,"[('+1', 6, 1, 1, 2), ('-1', 6, 0, 0, 0)]"
sqrt2-per12,7,64,4,1,-1,6,1,0,"[('+1', 6, 4, 1, 5), ('-1', 6, 1, 0, 1)]"
sqrt2-per12,7,65,4,2,+1,5,1,1,"[('+1', 5, 1, 1, 2), ('-1', 6, 2, 0, 2)]"
sqrt2-per12,7,67,2,-1,-1,6,-1,0,"[('+1', 5, 2, 1, 3), ('-1', 6, -1, 0, -1)]"
sqrt2-per12,7,68,4,1,-1,6,1,0,"[('+1', 5, 4, 1, 5), ('-1', 6, 1, 0, 1)]"
sqrt2-per12,7,70,6,3,-1,6,3,0,"[('+1', 6, 4, 1, 5), ('-1', 6, 3, 0, 3)]"
sqrt2-per12,7,71,2,0,-1,6,0,0,"[('+1', 6, 1, 1, 2), ('-1', 6, 0, 0, 0)]"
sqrt2-per12,7,73,6,3,-1,6,3,0,"[('+1', 4, 3, 2, 5), ('-1', 6, 3, 0, 3)]"
sqrt2-per12,7,74,3,-1,-1,6,-1,0,"[('+1', 5, 1, 1, 2), ('-1', 6, -1, 0, -1)]"
sqrt2-per12,7,76,2,-1,-1,6,-1,0,"[('+1', 6, 3, 1, 4), ('-1', 6, -1, 0, -1)]"
sqrt2-per12,7,77,4,0,-1,6,0,0,"[('+1', 3, 4, 3, 7), ('-1', 6, 0, 0, 0)]"
sqrt2-per12,7,79,7,4,-1,6,4,0,"[('+1', 6, 6, 1, 7), ('-1', 6, 4, 0, 4)]"
sqrt2-per12,7,80,3,1,+1,5,0,1,"[('+1', 5, 0, 1, 1), ('-1', 6, 1, 0, 1)]"
sqrt2-per12,8,1,4,3,-1,6,3,0,"[('+1', 0, 0, 4, 4), ('-1', 6, 3, 0, 3)]"
sqrt2-per12,8,2,3,2,-1,6,2,0,"[('+1', 6, 2, 1, 3), ('-1', 6, 2, 0, 2)]"
sqrt2-per12,8,4,4,2,+1,6,1,1,"[('+1', 6, 1, 1, 2), ('-1', 6, 6, 0, 6)]"
sqrt2-per12,8,5,5,3,-1,6,3,0,"[('+1', 5, 4, 1, 5), ('-1', 6, 3, 0, 3)]"
sqrt2-per12,8,7,6,3,-1,6,3,0,"[('+1', 6, 4, 1, 5), ('-1', 6, 3, 0, 3)]"
sqrt2-per12,8,8,3,1,+1,6,0,1,"[('+1', 6, 0, 1, 1), ('-1', 6, 5, 0, 5)]"
sqrt2-per12,8,10,4,2,-1,6,2,0,"[('+1', 5, 3, 1, 4), ('-1', 6, 2, 0, 2)]"
sqrt2-per12,8,11,5,4,-1,6,4,0,"[('+1', 6, 5, 1, 6), ('-1', 6, 4, 0, 4)]"
sqrt2-per12,8,13,3,2,-1,6,2,0,"[('+1', 6, 4, 1, 5), ('-1', 6, 2, 0, 2)]"
sqrt2-per12,8,14,5,2,-1,6,2,0,"[('+1', 6, 3, 1, 4), ('-1', 6, 2, 0, 2)]"
sqrt2-per12,8,16,6,5,-1,6,5,0,"[('+1', 6, 6, 1, 7), ('-1', 6, 5, 0, 5)]"
sqrt2-per12,8,17,3,0,-1,6,0,0,"[('+1', 4, 5, 2, 7), ('-1', 6, 0, 0, 0)]"
sqrt2-per12,8,19,4,3,-1,6,3,0,"[('+1', 6, 5, 1, 6), ('-1', 6, 3, 0, 3)]"
sqrt2-per12,8,20,3,1,-1,6,1,0,"[('+1', 5, 2, 1, 3), ('-1', 6, 1, 0, 1)]"
sqrt2-per12,8,22,4,3,-1,6,3,0,"[('+1', 6, 4, 1, 5), ('-1', 6, 3, 0, 3)]"
sqrt2-per12,8,23,6,3,-1,6,3,0,"[('+1', 6, 4, 1, 5), ('-1', 6, 3, 0, 3)]"
sqrt2-per12,8,25,8,5,-1,6,5,0,"[('+1', 6, 6, 1, 7), ('-1', 6, 5, 0, 5)]"
sqrt2-per12,8,26,2,1,-1,6,1,0,"[('+1', 6, 3, 1, 4), ('-1', 6, 1, 0, 1)]"
sqrt2-per12,8,1,4,3,-1,6,3,0,"[('+1', 0, 0, 4, 4), ('-1', 6, 3, 0, 3)]"
sqrt2-per12,8,2,3,2,-1,6,2,0,"[('+1', 6, 2, 1, 3), ('-1', 6, 2, 0, 2)]"
sqrt2-per12,8,4,4,2,+1,6,1,1,"[('+1', 6, 1, 1, 2), ('-1', 6, 6, 0, 6)]"
sqrt2-per12,8,5,5,3,-1,6,3,0,"[('+1', 5, 4, 1, 5), ('-1', 6, 3, 0, 3)]"
sqrt2-per12,8,7,6,3,-1,6,3,0,"[('+1', 6, 4, 1, 5), ('-1', 6, 3, 0, 3)]"
sqrt2-per12,8,8,3,1,+1,6,0,1,"[('+1', 6, 0, 1, 1), ('-1', 6, 5, 0, 5)]"
sqrt2-per12,8,10,4,2,-1,6,2,0,"[('+1', 5, 3, 1, 4), ('-1', 6, 2, 0, 2)]"
sqrt2-per12,8,11,5,4,-1,6,4,0,"[('+1', 6, 5, 1, 6), ('-1', 6, 4, 0, 4)]"
sqrt2-per12,8,13,3,2,-1,6,2,0,"[('+1', 6, 4, 1, 5), ('-1', 6, 2, 0, 2)]"
sqrt2-per12,8,14,5,2,-1,6,2,0,"[('+1', 6, 3, 1, 4), ('-1', 6, 2, 0, 2)]"
sqrt2-per12,8,16,6,5,-1,6,5,0,"[('+1', 6, 6, 1, 7), ('-1', 6, 5, 0, 5)]"
sqrt2-per12,8,17,3,0,-1,6,0,0,"[('+1', 4, 5, 2, 7), ('-1', 6, 0, 0, 0)]"
sqrt2-per12,8,19,4,3,-1,6,3,0,"[('+1', 6, 5, 1, 6), ('-1', 6, 3, 0, 3)]"
sqrt2-per12,8,20,3,1,-1,6,1,0,"[('+1', 5, 2, 1, 3), ('-1', 6, 1, 0, 1)]"
sqrt2-per12,8,22,4,3,-1,6,3,0,"[('+1', 6, 4, 1, 5), ('-1', 6, 3, 0, 3)]"
sqrt2-per12,8,23,6,3,-1,6,3,0,"[('+1', 6, 4, 1, 5), ('-1', 6, 3, 0, 3)]"
sqrt2-per12,8,25,8,5,-1,6,5,0,"[('+1', 6, 6, 1, 7), ('-1', 6, 5, 0, 5)]"
sqrt2-per12,8,26,2,1,-1,6,1,0,"[('+1', 6, 3, 1, 4), ('-1', 6, 1, 0, 1)]"
sqrt2-per12,8,28,4,1,-1,6,1,0,"[('+1', 6, 2, 1, 3), ('-1', 6, 1, 0, 1)]"
sqrt2-per12,8,29,4,2,-1,6,2,0,"[('+1', 6, 3, 1, 4), ('-1', 6, 2, 0, 2)]"
sqrt2-per12,8,31,5,3,+1,6,2,1,"[('+1', 6, 2, 1, 3), ('-1', 6, 4, 0, 4)]"
sqrt2-per12,8,32,5,4,-1,6,4,0,"[('+1', 6, 5, 1, 6), ('-1', 6, 4, 0, 4)]"
sqrt2-per12,8,34,7,6,-1,6,6,0,"[('+1', 6, 7, 1, 8), ('-1', 6, 6, 0, 6)]"
sqrt2-per12,8,35,6,3,-1,6,3,0,"[('+1', 6, 5, 1, 6), ('-1', 6, 3, 0, 3)]"
sqrt2-per12,8,37,5,2,-1,6,2,0,"[('+1', 6, 4, 1, 5), ('-1', 6, 2, 0, 2)]"
sqrt2-per12,8,38,3,2,-1,6,2,0,"[('+1', 6, 4, 1, 5), ('-1', 6, 2, 0, 2)]"
sqrt2-per12,8,40,4,2,+1,5,1,1,"[('+1', 5, 1, 1, 2), ('-1', 6, 5, 0, 5)]"
sqrt2-per12,8,41,6,3,-1,6,3,0,"[('+1', 6, 5, 1, 6), ('-1', 6, 3, 0, 3)]"
sqrt2-per12,8,43,5,3,-1,6,3,0,"[('+1', 6, 4, 1, 5), ('-1', 6, 3, 0, 3)]"
sqrt2-per12,8,44,3,2,-1,6,2,0,"[('+1', 6, 3, 1, 4), ('-1', 6, 2, 0, 2)]"
sqrt2-per12,8,46,5,2,-1,6,2,0,"[('+1', 6, 3, 1, 4), ('-1', 6, 2, 0, 2)]"
sqrt2-per12,8,47,4,1,-1,6,1,0,"[('+1', 6, 4, 1, 5), ('-1', 6, 1, 0, 1)]"
sqrt2-per12,8,49,4,2,+1,6,1,1,"[('+1', 6, 1, 1, 2), ('-1', 6, 4, 0, 4)]"
sqrt2-per12,8,50,7,4,-1,6,4,0,"[('+1', 6, 5, 1, 6), ('-1', 6, 4, 0, 4)]"
sqrt2-per12,8,52,6,8,+1,6,7,1,"[('+1', 6, 7, 1, 8)]"
sqrt2-per12,8,53,4,3,+1,4,1,2,"[('+1', 4, 1, 2, 3), ('-1', 6, 3, 0, 3)]"
sqrt2-per12,8,55,6,4,+1,5,3,1,"[('+1', 5, 3, 1, 4), ('-1', 6, 4, 0, 4)]"
sqrt2-per12,8,56,3,0,-1,6,0,0,"[('+1', 6, 1, 1, 2), ('-1', 6, 0, 0, 0)]"
sqrt2-per12,8,58,5,1,-1,6,1,0,"[('+1', 4, 4, 2, 6), ('-1', 6, 1, 0, 1)]"
sqrt2-per12,8,59,5,4,+1,6,3,1,"[('+1', 6, 3, 1, 4), ('-1', 6, 4, 0, 4)]"
sqrt2-per12,8,61,5,1,-1,6,1,0,"[('+1', 4, 5, 2, 7), ('-1', 6, 1, 0, 1)]"
sqrt2-per12,8,62,4,2,+1,6,1,1,"[('+1', 6, 1, 1, 2), ('-1', 6, 3, 0, 3)]"
sqrt2-per12,8,64,4,3,-1,6,3,0,"[('+1', 6, 4, 1, 5), ('-1', 6, 3, 0, 3)]"
sqrt2-per12,8,65,4,2,+1,5,1,1,"[('+1', 5, 1, 1, 2), ('-1', 6, 4, 0, 4)]"
sqrt2-per12,8,68,6,5,-1,6,5,0,"[('+1', 6, 6, 1, 7), ('-1', 6, 5, 0, 5)]"
sqrt2-per12,8,70,8,6,-1,6,6,0,"[('+1', 5, 8, 1, 9), ('-1', 6, 6, 0, 6)]"
sqrt2-per12,8,71,3,1,-1,6,1,0,"[('+1', 6, 2, 1, 3), ('-1', 6, 1, 0, 1)]"
sqrt2-per12,8,73,6,3,-1,6,3,0,"[('+1', 5, 5, 1, 6), ('-1', 6, 3, 0, 3)]"
sqrt2-per12,8,74,4,1,-1,6,1,0,"[('+1', 6, 3, 1, 4), ('-1', 6, 1, 0, 1)]"
sqrt2-per12,8,76,2,1,-1,6,1,0,"[('+1', 6, 3, 1, 4), ('-1', 6, 1, 0, 1)]"
sqrt2-per12,8,77,4,0,-1,6,0,0,"[('+1', 3, 4, 3, 7), ('-1', 6, 0, 0, 0)]"
sqrt2-per12,8,79,7,9,+1,6,8,1,"[('+1', 6, 8, 1, 9)]"
sqrt2-per12,8,80,3,1,+1,5,0,1,"[('+1', 5, 0, 1, 1), ('-1', 6, 4, 0, 4)]"
sqrt2-per12,9,1,5,3,-1,6,3,0,"[('+1', 0, 0, 5, 5), ('-1', 6, 3, 0, 3)]"
sqrt2-per12,9,2,4,2,-1,6,2,0,"[('+1', 6, 2, 2, 4), ('-1', 6, 2, 0, 2)]"
sqrt2-per12,9,4,5,3,+1,6,1,2,"[('+1', 6, 1, 2, 3), ('-1', 6, 6, 0, 6)]"
sqrt2-per12,9,5,5,3,-1,6,3,0,"[('+1', 5, 4, 2, 6), ('-1', 6, 3, 0, 3)]"
sqrt2-per12,9,7,7,3,-1,6,3,0,"[('+1', 6, 4, 2, 6), ('-1', 6, 3, 0, 3)]"
sqrt2-per12,9,8,4,2,+1,6,0,2,"[('+1', 6, 0, 2, 2), ('-1', 6, 5, 0, 5)]"
sqrt2-per12,9,10,4,2,-1,6,2,0,"[('+1', 5, 3, 2, 5), ('-1', 6, 2, 0, 2)]"
sqrt2-per12,9,11,5,4,-1,6,4,0,"[('+1', 6, 5, 2, 7), ('-1', 6, 4, 0, 4)]"
sqrt2-per12,9,13,4,2,-1,6,2,0,"[('+1', 6, 4, 2, 6), ('-1', 6, 2, 0, 2)]"
sqrt2-per12,9,14,6,2,-1,6,2,0,"[('+1', 6, 3, 2, 5), ('-1', 6, 2, 0, 2)]"
sqrt2-per12,9,16,7,5,-1,6,5,0,"[('+1', 6, 6, 2, 8), ('-1', 6, 5, 0, 5)]"
sqrt2-per12,9,17,5,0,-1,6,0,0,"[('+1', 4, 5, 3, 8), ('-1', 6, 0, 0, 0)]"
sqrt2-per12,9,19,4,3,-1,6,3,0,"[('+1', 6, 5, 2, 7), ('-1', 6, 3, 0, 3)]"
sqrt2-per12,9,20,3,1,-1,6,1,0,"[('+1', 5, 2, 2, 4), ('-1', 6, 1, 0, 1)]"
sqrt2-per12,9,22,4,3,-1,6,3,0,"[('+1', 6, 4, 2, 6), ('-1', 6, 3, 0, 3)]"
sqrt2-per12,9,23,6,3,-1,6,3,0,"[('+1', 6, 4, 2, 6), ('-1', 6, 3, 0, 3)]"
sqrt2-per12,9,25,8,5,-1,6,5,0,"[('+1', 6, 6, 2, 8), ('-1', 6, 5, 0, 5)]"
sqrt2-per12,9,26,3,1,-1,6,1,0,"[('+1', 6, 3, 2, 5), ('-1', 6, 1, 0, 1)]"
sqrt2-per12,9,1,5,3,-1,6,3,0,"[('+1', 0, 0, 5, 5), ('-1', 6, 3, 0, 3)]"
sqrt2-per12,9,2,4,2,-1,6,2,0,"[('+1', 6, 2, 2, 4), ('-1', 6, 2, 0, 2)]"
sqrt2-per12,9,4,5,3,+1,6,1,2,"[('+1', 6, 1, 2, 3), ('-1', 6, 6, 0, 6)]"
sqrt2-per12,9,5,5,3,-1,6,3,0,"[('+1', 5, 4, 2, 6), ('-1', 6, 3, 0, 3)]"
sqrt2-per12,9,7,7,3,-1,6,3,0,"[('+1', 6, 4, 2, 6), ('-1', 6, 3, 0, 3)]"
sqrt2-per12,9,8,4,2,+1,6,0,2,"[('+1', 6, 0, 2, 2), ('-1', 6, 5, 0, 5)]"
sqrt2-per12,9,10,4,2,-1,6,2,0,"[('+1', 5, 3, 2, 5), ('-1', 6, 2, 0, 2)]"
sqrt2-per12,9,11,5,4,-1,6,4,0,"[('+1', 6, 5, 2, 7), ('-1', 6, 4, 0, 4)]"
sqrt2-per12,9,13,4,2,-1,6,2,0,"[('+1', 6, 4, 2, 6), ('-1', 6, 2, 0, 2)]"
sqrt2-per12,9,14,6,2,-1,6,2,0,"[('+1', 6, 3, 2, 5), ('-1', 6, 2, 0, 2)]"
sqrt2-per12,9,16,7,5,-1,6,5,0,"[('+1', 6, 6, 2, 8), ('-1', 6, 5, 0, 5)]"
sqrt2-per12,9,17,5,0,-1,6,0,0,"[('+1', 4, 5, 3, 8), ('-1', 6, 0, 0, 0)]"
sqrt2-per12,9,19,4,3,-1,6,3,0,"[('+1', 6, 5, 2, 7), ('-1', 6, 3, 0, 3)]"
sqrt2-per12,9,20,3,1,-1,6,1,0,"[('+1', 5, 2, 2, 4), ('-1', 6, 1, 0, 1)]"
sqrt2-per12,9,22,4,3,-1,6,3,0,"[('+1', 6, 4, 2, 6), ('-1', 6, 3, 0, 3)]"
sqrt2-per12,9,23,6,3,-1,6,3,0,"[('+1', 6, 4, 2, 6), ('-1', 6, 3, 0, 3)]"
sqrt2-per12,9,25,8,5,-1,6,5,0,"[('+1', 6, 6, 2, 8), ('-1', 6, 5, 0, 5)]"
sqrt2-per12,9,26,3,1,-1,6,1,0,"[('+1', 6, 3, 2, 5), ('-1', 6, 1, 0, 1)]"
sqrt2-per12,9,28,5,1,-1,6,1,0,"[('+1', 6, 2, 2, 4), ('-1', 6, 1, 0, 1)]"
sqrt2-per12,9,29,4,2,-1,6,2,0,"[('+1', 6, 3, 2, 5), ('-1', 6, 2, 0, 2)]"
sqrt2-per12,9,31,6,4,+1,6,2,2,"[('+1', 6, 2, 2, 4), ('-1', 6, 4, 0, 4)]"
sqrt2-per12,9,32,6,4,-1,6,4,0,"[('+1', 6, 5, 2, 7), ('-1', 6, 4, 0, 4)]"
sqrt2-per12,9,34,7,6,-1,6,6,0,"[('+1', 6, 7, 2, 9), ('-1', 6, 6, 0, 6)]"
sqrt2-per12,9,35,6,3,-1,6,3,0,"[('+1', 6, 5, 2, 7), ('-1', 6, 3, 0, 3)]"
sqrt2-per12,9,37,5,2,-1,6,2,0,"[('+1', 6, 4, 2, 6), ('-1', 6, 2, 0, 2)]"
sqrt2-per12,9,38,3,2,-1,6,2,0,"[('+1', 6, 4, 2, 6), ('-1', 6, 2, 0, 2)]"
sqrt2-per12,9,40,5,3,+1,5,1,2,"[('+1', 5, 1, 2, 3), ('-1', 6, 5, 0, 5)]"
sqrt2-per12,9,41,6,3,-1,6,3,0,"[('+1', 6, 5, 2, 7), ('-1', 6, 3, 0, 3)]"
sqrt2-per12,9,43,5,3,-1,6,3,0,"[('+1', 6, 4, 2, 6), ('-1', 6, 3, 0, 3)]"
sqrt2-per12,9,44,3,2,-1,6,2,0,"[('+1', 6, 3, 2, 5), ('-1', 6, 2, 0, 2)]"
sqrt2-per12,9,46,5,2,-1,6,2,0,"[('+1', 6, 3, 2, 5), ('-1', 6, 2, 0, 2)]"
sqrt2-per12,9,47,5,1,-1,6,1,0,"[('+1', 6, 4, 2, 6), ('-1', 6, 1, 0, 1)]"
sqrt2-per12,9,49,5,3,+1,6,1,2,"[('+1', 6, 1, 2, 3), ('-1', 6, 4, 0, 4)]"
sqrt2-per12,9,50,7,4,-1,6,4,0,"[('+1', 6, 5, 2, 7), ('-1', 6, 4, 0, 4)]"
sqrt2-per12,9,52,7,9,+1,6,7,2,"[('+1', 6, 7, 2, 9)]"
sqrt2-per12,9,53,5,3,-1,6,3,0,"[('+1', 4, 1, 3, 4), ('-1', 6, 3, 0, 3)]"
sqrt2-per12,9,55,6,4,-1,6,4,0,"[('+1', 5, 3, 2, 5), ('-1', 6, 4, 0, 4)]"
sqrt2-per12,9,56,4,0,-1,6,0,0,"[('+1', 6, 1, 2, 3), ('-1', 6, 0, 0, 0)]"
sqrt2-per12,9,58,5,1,-1,6,1,0,"[('+1', 4, 4, 3, 7), ('-1', 6, 1, 0, 1)]"
sqrt2-per12,9,59,5,4,-1,6,4,0,"[('+1', 6, 3, 2, 5), ('-1', 6, 4, 0, 4)]"
sqrt2-per12,9,61,6,1,-1,6,1,0,"[('+1', 4, 5, 3, 8), ('-1', 6, 1, 0, 1)]"
sqrt2-per12,9,62,5,3,+1,6,1,2,"[('+1', 6, 1, 2, 3), ('-1', 6, 3, 0, 3)]"
sqrt2-per12,9,64,5,3,-1,6,3,0,"[('+1', 6, 4, 2, 6), ('-1', 6, 3, 0, 3)]"
sqrt2-per12,9,65,4,3,+1,5,1,2,"[('+1', 5, 1, 2, 3), ('-1', 6, 4, 0, 4)]"
sqrt2-per12,9,68,6,5,-1,6,5,0,"[('+1', 6, 6, 2, 8), ('-1', 6, 5, 0, 5)]"
sqrt2-per12,9,70,8,6,-1,6,6,0,"[('+1', 5, 8, 2, 10), ('-1', 6, 6, 0, 6)]"
sqrt2-per12,9,71,4,1,-1,6,1,0,"[('+1', 6, 2, 2, 4), ('-1', 6, 1, 0, 1)]"
sqrt2-per12,9,73,6,3,-1,6,3,0,"[('+1', 5, 5, 2, 7), ('-1', 6, 3, 0, 3)]"
sqrt2-per12,9,74,4,1,-1,6,1,0,"[('+1', 6, 3, 2, 5), ('-1', 6, 1, 0, 1)]"
sqrt2-per12,9,76,2,1,-1,6,1,0,"[('+1', 6, 3, 2, 5), ('-1', 6, 1, 0, 1)]"
sqrt2-per12,9,77,4,0,-1,6,0,0,"[('+1', 3, 4, 4, 8), ('-1', 6, 0, 0, 0)]"
sqrt2-per12,9,79,7,10,+1,6,8,2,"[('+1', 6, 8, 2, 10)]"
sqrt2-per12,9,80,4,2,+1,5,0,2,"[('+1', 5, 0, 2, 2), ('-1', 6, 4, 0, 4)]"
sqrt2-per12,10,1,5,3,-1,6,3,0,"[('+1', 0, 0, 5, 5), ('-1', 6, 3, 0, 3)]"
sqrt2-per12,10,2,4,2,-1,6,2,0,"[('+1', 6, 2, 2, 4), ('-1', 6, 2, 0, 2)]"
sqrt2-per12,10,4,5,3,+1,6,1,2,"[('+1', 6, 1, 2, 3), ('-1', 6, 6, 0, 6)]"
sqrt2-per12,10,5,5,3,-1,6,3,0,"[('+1', 5, 4, 2, 6), ('-1', 6, 3, 0, 3)]"
sqrt2-per12,10,7,8,3,-1,6,3,0,"[('+1', 6, 4, 2, 6), ('-1', 6, 3, 0, 3)]"
sqrt2-per12,10,8,4,2,+1,6,0,2,"[('+1', 6, 0, 2, 2), ('-1', 6, 5, 0, 5)]"
sqrt2-per12,10,10,4,2,-1,6,2,0,"[('+1', 5, 3, 2, 5), ('-1', 6, 2, 0, 2)]"
sqrt2-per12,10,11,5,4,-1,6,4,0,"[('+1', 6, 5, 2, 7), ('-1', 6, 4, 0, 4)]"
sqrt2-per12,10,13,5,2,-1,6,2,0,"[('+1', 6, 4, 2, 6), ('-1', 6, 2, 0, 2)]"
sqrt2-per12,10,14,7,2,-1,6,2,0,"[('+1', 6, 3, 2, 5), ('-1', 6, 2, 0, 2)]"
sqrt2-per12,10,16,8,5,-1,6,5,0,"[('+1', 6, 6, 2, 8), ('-1', 6, 5, 0, 5)]"
sqrt2-per12,10,17,5,0,-1,6,0,0,"[('+1', 4, 5, 3, 8), ('-1', 6, 0, 0, 0)]"
sqrt2-per12,10,19,6,3,-1,6,3,0,"[('+1', 6, 5, 2, 7), ('-1', 6, 3, 0, 3)]"
sqrt2-per12,10,20,3,1,-1,6,1,0,"[('+1', 5, 2, 2, 4), ('-1', 6, 1, 0, 1)]"
sqrt2-per12,10,22,4,3,-1,6,3,0,"[('+1', 6, 4, 2, 6), ('-1', 6, 3, 0, 3)]"
sqrt2-per12,10,23,7,3,-1,6,3,0,"[('+1', 6, 4, 2, 6), ('-1', 6, 3, 0, 3)]"
sqrt2-per12,10,25,8,5,-1,6,5,0,"[('+1', 6, 6, 2, 8), ('-1', 6, 5, 0, 5)]"
sqrt2-per12,10,26,4,1,-1,6,1,0,"[('+1', 6, 3, 2, 5), ('-1', 6, 1, 0, 1)]"
sqrt2-per12,10,1,5,3,-1,6,3,0,"[('+1', 0, 0, 5, 5), ('-1', 6, 3, 0, 3)]"
sqrt2-per12,10,2,4,2,-1,6,2,0,"[('+1', 6, 2, 2, 4), ('-1', 6, 2, 0, 2)]"
sqrt2-per12,10,4,5,3,+1,6,1,2,"[('+1', 6, 1, 2, 3), ('-1', 6, 6, 0, 6)]"
sqrt2-per12,10,5,5,3,-1,6,3,0,"[('+1', 5, 4, 2, 6), ('-1', 6, 3, 0, 3)]"
sqrt2-per12,10,7,8,3,-1,6,3,0,"[('+1', 6, 4, 2, 6), ('-1', 6, 3, 0, 3)]"
sqrt2-per12,10,8,4,2,+1,6,0,2,"[('+1', 6, 0, 2, 2), ('-1', 6, 5, 0, 5)]"
sqrt2-per12,10,10,4,2,-1,6,2,0,"[('+1', 5, 3, 2, 5), ('-1', 6, 2, 0, 2)]"
sqrt2-per12,10,11,5,4,-1,6,4,0,"[('+1', 6, 5, 2, 7), ('-1', 6, 4, 0, 4)]"
sqrt2-per12,10,13,5,2,-1,6,2,0,"[('+1', 6, 4, 2, 6), ('-1', 6, 2, 0, 2)]"
sqrt2-per12,10,14,7,2,-1,6,2,0,"[('+1', 6, 3, 2, 5), ('-1', 6, 2, 0, 2)]"
sqrt2-per12,10,16,8,5,-1,6,5,0,"[('+1', 6, 6, 2, 8), ('-1', 6, 5, 0, 5)]"
sqrt2-per12,10,17,5,0,-1,6,0,0,"[('+1', 4, 5, 3, 8), ('-1', 6, 0, 0, 0)]"
sqrt2-per12,10,19,6,3,-1,6,3,0,"[('+1', 6, 5, 2, 7), ('-1', 6, 3, 0, 3)]"
sqrt2-per12,10,20,3,1,-1,6,1,0,"[('+1', 5, 2, 2, 4), ('-1', 6, 1, 0, 1)]"
sqrt2-per12,10,22,4,3,-1,6,3,0,"[('+1', 6, 4, 2, 6), ('-1', 6, 3, 0, 3)]"
sqrt2-per12,10,23,7,3,-1,6,3,0,"[('+1', 6, 4, 2, 6), ('-1', 6, 3, 0, 3)]"
sqrt2-per12,10,25,8,5,-1,6,5,0,"[('+1', 6, 6, 2, 8), ('-1', 6, 5, 0, 5)]"
sqrt2-per12,10,26,4,1,-1,6,1,0,"[('+1', 6, 3, 2, 5), ('-1', 6, 1, 0, 1)]"
sqrt2-per12,10,28,6,1,-1,6,1,0,"[('+1', 6, 2, 2, 4), ('-1', 6, 1, 0, 1)]"
sqrt2-per12,10,29,4,2,-1,6,2,0,"[('+1', 6, 3, 2, 5), ('-1', 6, 2, 0, 2)]"
sqrt2-per12,10,31,6,4,+1,6,2,2,"[('+1', 6, 2, 2, 4), ('-1', 6, 4, 0, 4)]"
sqrt2-per12,10,32,7,4,-1,6,4,0,"[('+1', 6, 5, 2, 7), ('-1', 6, 4, 0, 4)]"
sqrt2-per12,10,34,9,6,-1,6,6,0,"[('+1', 6, 7, 2, 9), ('-1', 6, 6, 0, 6)]"
sqrt2-per12,10,35,6,3,-1,6,3,0,"[('+1', 6, 5, 2, 7), ('-1', 6, 3, 0, 3)]"
sqrt2-per12,10,37,5,2,-1,6,2,0,"[('+1', 6, 4, 2, 6), ('-1', 6, 2, 0, 2)]"
sqrt2-per12,10,38,5,2,-1,6,2,0,"[('+1', 6, 4, 2, 6), ('-1', 6, 2, 0, 2)]"
sqrt2-per12,10,40,6,3,+1,5,1,2,"[('+1', 5, 1, 2, 3), ('-1', 6, 5, 0, 5)]"
sqrt2-per12,10,41,6,3,-1,6,3,0,"[('+1', 6, 5, 2, 7), ('-1', 6, 3, 0, 3)]"
sqrt2-per12,10,43,5,3,-1,6,3,0,"[('+1', 6, 4, 2, 6), ('-1', 6, 3, 0, 3)]"
sqrt2-per12,10,44,3,2,-1,6,2,0,"[('+1', 6, 3, 2, 5), ('-1', 6, 2, 0, 2)]"
sqrt2-per12,10,46,6,2,-1,6,2,0,"[('+1', 6, 3, 2, 5), ('-1', 6, 2, 0, 2)]"
sqrt2-per12,10,47,5,1,-1,6,1,0,"[('+1', 6, 4, 2, 6), ('-1', 6, 1, 0, 1)]"
sqrt2-per12,10,49,5,3,+1,6,1,2,"[('+1', 6, 1, 2, 3), ('-1', 6, 4, 0, 4)]"
sqrt2-per12,10,50,7,4,-1,6,4,0,"[('+1', 6, 5, 2, 7), ('-1', 6, 4, 0, 4)]"
sqrt2-per12,10,53,5,3,-1,6,3,0,"[('+1', 4, 1, 3, 4), ('-1', 6, 3, 0, 3)]"
sqrt2-per12,10,55,6,4,-1,6,4,0,"[('+1', 5, 3, 2, 5), ('-1', 6, 4, 0, 4)]"
sqrt2-per12,10,56,5,0,-1,6,0,0,"[('+1', 6, 1, 2, 3), ('-1', 6, 0, 0, 0)]"
sqrt2-per12,10,58,5,1,-1,6,1,0,"[('+1', 4, 4, 3, 7), ('-1', 6, 1, 0, 1)]"
sqrt2-per12,10,59,5,4,-1,6,4,0,"[('+1', 6, 3, 2, 5), ('-1', 6, 4, 0, 4)]"
sqrt2-per12,10,61,6,1,-1,6,1,0,"[('+1', 4, 5, 3, 8), ('-1', 6, 1, 0, 1)]"
sqrt2-per12,10,62,5,3,+1,6,1,2,"[('+1', 6, 1, 2, 3), ('-1', 6, 3, 0, 3)]"
sqrt2-per12,10,64,6,3,-1,6,3,0,"[('+1', 6, 4, 2, 6), ('-1', 6, 3, 0, 3)]"
sqrt2-per12,10,65,4,3,+1,5,1,2,"[('+1', 5, 1, 2, 3), ('-1', 6, 4, 0, 4)]"
sqrt2-per12,10,67,5,4,-1,6,4,0,"[('+1', 6, 4, 2, 6), ('-1', 6, 4, 0, 4)]"
sqrt2-per12,10,68,8,5,-1,6,5,0,"[('+1', 6, 6, 2, 8), ('-1', 6, 5, 0, 5)]"
sqrt2-per12,10,70,8,6,-1,6,6,0,"[('+1', 5, 8, 2, 10), ('-1', 6, 6, 0, 6)]"
sqrt2-per12,10,71,4,1,-1,6,1,0,"[('+1', 6, 2, 2, 4), ('-1', 6, 1, 0, 1)]"
sqrt2-per12,10,73,6,3,-1,6,3,0,"[('+1', 5, 5, 2, 7), ('-1', 6, 3, 0, 3)]"
sqrt2-per12,10,74,4,1,-1,6,1,0,"[('+1', 6, 3, 2, 5), ('-1', 6, 1, 0, 1)]"
sqrt2-per12,10,76,4,1,-1,6,1,0,"[('+1', 6, 3, 2, 5), ('-1', 6, 1, 0, 1)]"
sqrt2-per12,10,77,4,0,-1,6,0,0,"[('+1', 3, 4, 4, 8), ('-1', 6, 0, 0, 0)]"
sqrt2-per12,10,79,9,10,+1,6,8,2,"[('+1', 6, 8, 2, 10)]"
sqrt2-per12,10,80,5,2,+1,5,0,2,"[('+1', 5, 0, 2, 2), ('-1', 6, 4, 0, 4)]"
