m,word_label,word,a_seq,L,slack_bound,k_star_1indexed,chain_max,rho_at_kstar,rho_mod3,rho_mod9,rho_mod27,left_loop_ray_exact,left_1ray_mod3_coarse,g_at_kstar,g_loop_at_kstar,diff_g_minus_gloop,residue_independent_check
4,random000,1211,"2,2,4,1",3,4,3,4,5,2,5,5,True,True,4,2,2,True
4,random002,2221,"2,2,4,1",1,2,3,2,5,2,5,5,True,True,2,0,2,True
4,random003,2211,"2,2,4,1",2,3,3,3,5,2,5,5,True,True,3,1,2,True
4,random007,1121,"2,2,4,1",3,4,3,4,5,2,5,5,True,True,4,2,2,True
4,random009,1221,"2,2,4,1",2,3,3,3,5,2,5,5,True,True,3,1,2,True
4,random010,1111,"2,2,4,1",4,5,3,5,5,2,5,5,True,True,5,3,2,True
4,random013,2111,"2,2,4,1",3,4,3,4,5,2,5,5,True,True,4,2,2,True
4,sqrt2-per12,2121,"2,2,4,1",2,3,3,3,5,2,5,5,True,True,3,1,2,True
5,golden-per8,22121,"2,2,2,4,1",2,3,4,3,5,2,5,5,True,True,3,1,2,True
5,random000,12121,"2,2,2,4,1",3,4,4,4,5,2,5,5,True,True,4,2,2,True
5,random002,22221,"2,2,2,4,1",1,2,4,2,5,2,5,5,True,True,2,0,2,True
5,random005,12221,"2,2,2,4,1",2,3,4,3,5,2,5,5,True,True,3,1,2,True
5,random007,11221,"2,2,2,4,1",3,4,4,4,5,2,5,5,True,True,4,2,2,True
5,random010,12111,"2,2,2,4,1",4,5,4,5,5,2,5,5,True,True,5,3,2,True
5,random010,12111,"4,3,2,1,1",4,5,3,5,17,2,8,17,True,True,5,2,3,True
5,random011,21121,"2,2,2,4,1",3,4,4,4,5,2,5,5,True,True,4,2,2,True
5,random012,11211,"2,2,2,4,1",4,5,4,5,5,2,5,5,True,True,5,3,2,True
5,random012,11211,"4,3,2,1,1",4,5,2,5,13,1,4,13,True,False,5,2,3,True
5,random014,22211,"2,2,2,4,1",2,3,4,3,5,2,5,5,True,True,3,1,2,True
5,random014,22211,"4,3,2,1,1",2,3,2,3,13,1,4,13,True,False,3,0,3,True
5,random018,11111,"2,2,2,4,1",5,6,4,6,5,2,5,5,True,True,6,4,2,True
5,random018,11111,"4,3,2,1,1",5,6,3,6,17,2,8,17,True,True,6,3,3,True
5,random019,12211,"2,2,2,4,1",3,4,4,4,5,2,5,5,True,True,4,2,2,True
5,random019,12211,"4,3,2,1,1",3,4,2,4,13,1,4,13,True,False,4,1,3,True
5,random020,22111,"2,2,2,4,1",3,4,4,4,5,2,5,5,True,True,4,2,2,True
5,random020,22111,"4,3,2,1,1",3,4,3,4,17,2,8,17,True,True,4,1,3,True
5,random021,11121,"2,2,2,4,1",4,5,4,5,5,2,5,5,True,True,5,3,2,True
5,random023,21111,"2,2,2,4,1",4,5,4,5,5,2,5,5,True,True,5,3,2,True
5,random023,21111,"4,3,2,1,1",4,5,3,5,17,2,8,17,True,True,5,2,3,True
5,random025,21221,"2,2,2,4,1",2,3,4,3,5,2,5,5,True,True,3,1,2,True
5,sqrt2-per12,21211,"2,2,2,4,1",3,4,4,4,5,2,5,5,True,True,4,2,2,True
5,sqrt2-per12,21211,"4,3,2,1,1",3,4,2,4,13,1,4,13,True,False,4,1,3,True
6,random000,212111,"2,2,2,2,4,1",4,5,5,5,5,2,5,5,True,True,5,3,2,True
6,random000,212111,"2,4,3,2,1,1",4,5,4,5,17,2,8,17,True,True,5,2,3,True
6,random000,212111,"4,3,2,1,1,2",4,5,6,5,9,0,0,9,True,True,5,4,1,True
6,random001,211121,"2,2,2,2,4,1",4,5,5,5,5,2,5,5,True,True,5,3,2,True
6,random001,211121,"4,3,2,1,1,2",4,5,3,5,17,2,8,17,True,True,5,2,3,True
6,random003,122211,"2,2,2,2,4,1",3,4,5,4,5,2,5,5,True,True,4,2,2,True
6,random003,122211,"2,4,3,2,1,1",3,4,3,4,13,1,4,13,True,False,4,1,3,True
6,random003,122211,"4,3,2,1,1,2",3,4,2,4,13,1,4,13,True,False,4,1,3,True
6,random005,222221,"2,2,2,2,4,1",1,2,5,2,5,2,5,5,True,True,2,0,2,True
6,random006,112211,"2,2,2,2,4,1",4,5,5,5,5,2,5,5,True,True,5,3,2,True
6,random006,112211,"2,4,3,2,1,1",4,5,3,5,13,1,4,13,True,False,5,2,3,True
6,random006,112211,"4,3,2,1,1,2",4,5,2,5,13,1,4,13,True,False,5,2,3,True
6,random008,221211,"2,2,2,2,4,1",3,4,5,4,5,2,5,5,True,True,4,2,2,True
6,random008,221211,"2,4,3,2,1,1",3,4,3,4,13,1,4,13,True,False,4,1,3,True
6,random008,221211,"4,3,2,1,1,2",3,4,3,4,17,2,8,17,True,True,4,1,3,True
6,random009,121221,"2,2,2,2,4,1",3,4,5,4,5,2,5,5,True,True,4,2,2,True
6,random011,212121,"2,2,2,2,4,1",3,4,5,4,5,2,5,5,True,True,4,2,2,True
6,random011,212121,"4,3,2,1,1,2",3,4,2,4,13,1,4,13,True,False,4,1,3,True
6,random012,121211,"2,2,2,2,4,1",4,5,5,5,5,2,5,5,True,True,5,3,2,True
6,random012,121211,"2,4,3,2,1,1",4,5,3,5,13,1,4,13,True,False,5,2,3,True
6,random012,121211,"4,3,2,1,1,2",4,5,3,5,17,2,8,17,True,True,5,2,3,True
6,random013,111121,"2,2,2,2,4,1",5,6,5,6,5,2,5,5,True,True,6,4,2,True
6,random013,111121,"4,3,2,1,1,2",5,6,3,6,17,2,8,17,True,True,6,3,3,True
6,random014,121121,"2,2,2,2,4,1",4,5,5,5,5,2,5,5,True,True,5,3,2,True
6,random014,121121,"4,3,2,1,1,2",4,5,3,5,17,2,8,17,True,True,5,2,3,True
6,random016,211111,"2,2,2,2,4,1",5,6,5,6,5,2,5,5,True,True,6,4,2,True
6,random016,211111,"2,4,3,2,1,1",5,6,4,6,17,2,8,17,True,True,6,3,3,True
6,random016,211111,"4,3,2,1,1,2",5,6,6,6,9,0,0,9,True,True,6,5,1,True
6,random018,211221,"2,2,2,2,4,1",3,4,5,4,5,2,5,5,True,True,4,2,2,True
6,random019,221111,"2,2,2,2,4,1",4,5,5,5,5,2,5,5,True,True,5,3,2,True
6,random019,221111,"2,4,3,2,1,1",4,5,4,5,17,2,8,17,True,True,5,2,3,True
6,random019,221111,"4,3,2,1,1,2",4,5,6,5,9,0,0,9,True,True,5,4,1,True
6,random020,222211,"2,2,2,2,4,1",2,3,5,3,5,2,5,5,True,True,3,1,2,True
6,random020,222211,"2,4,3,2,1,1",2,3,3,3,13,1,4,13,True,False,3,0,3,True
6,random020,222211,"4,3,2,1,1,2",2,3,2,3,13,1,4,13,True,False,3,0,3,True
6,random021,111111,"2,2,2,2,4,1",6,7,5,7,5,2,5,5,True,True,7,5,2,True
6,random021,111111,"2,4,3,2,1,1",6,7,4,7,17,2,8,17,True,True,7,4,3,True
6,random021,111111,"4,3,2,1,1,2",6,7,6,7,9,0,0,9,True,True,7,6,1,True
6,random022,211112,"4,3,2,1,1,2",4,5,3,5,17,2,8,17,True,True,5,2,3,True
6,random023,212221,"2,2,2,2,4,1",2,3,5,3,5,2,5,5,True,True,3,1,2,True
6,random024,222112,"4,3,2,1,1,2",2,3,2,3,13,1,4,13,True,False,3,0,3,True
6,random026,221112,"4,3,2,1,1,2",3,4,3,4,17,2,8,17,True,True,4,1,3,True
6,random027,112112,"4,3,2,1,1,2",4,5,2,5,13,1,4,13,True,False,5,2,3,True
6,random028,122112,"4,3,2,1,1,2",3,4,2,4,13,1,4,13,True,False,4,1,3,True
6,random029,121111,"2,2,2,2,4,1",5,6,5,6,5,2,5,5,True,True,6,4,2,True
6,random029,121111,"2,4,3,2,1,1",5,6,4,6,17,2,8,17,True,True,6,3,3,True
6,random029,121111,"4,3,2,1,1,2",5,6,6,6,9,0,0,9,True,True,6,5,1,True
6,random033,122221,"2,2,2,2,4,1",2,3,5,3,5,2,5,5,True,True,3,1,2,True
6,random034,211211,"2,2,2,2,4,1",4,5,5,5,5,2,5,5,True,True,5,3,2,True
6,random034,211211,"2,4,3,2,1,1",4,5,3,5,13,1,4,13,True,False,5,2,3,True
6,random034,211211,"4,3,2,1,1,2",4,5,3,5,17,2,8,17,True,True,5,2,3,True
6,random040,222121,"2,2,2,2,4,1",2,3,5,3,5,2,5,5,True,True,3,1,2,True
6,random040,222121,"4,3,2,1,1,2",2,3,2,3,13,1,4,13,True,False,3,0,3,True
6,random041,221221,"2,2,2,2,4,1",2,3,5,3,5,2,5,5,True,True,3,1,2,True
6,random042,112221,"2,2,2,2,4,1",3,4,5,4,5,2,5,5,True,True,4,2,2,True
6,random043,222111,"2,2,2,2,4,1",3,4,5,4,5,2,5,5,True,True,4,2,2,True
6,random043,222111,"2,4,3,2,1,1",3,4,4,4,17,2,8,17,True,True,4,1,3,True
6,random043,222111,"4,3,2,1,1,2",3,4,6,4,9,0,0,9,True,True,4,3,1,True
6,random048,112121,"2,2,2,2,4,1",4,5,5,5,5,2,5,5,True,True,5,3,2,True
6,random048,112121,"4,3,2,1,1,2",4,5,2,5,13,1,4,13,True,False,5,2,3,True
6,random049,122111,"2,2,2,2,4,1",4,5,5,5,5,2,5,5,True,True,5,3,2,True
6,random049,122111,"2,4,3,2,1,1",4,5,4,5,17,2,8,17,True,True,5,2,3,True
6,random049,122111,"4,3,2,1,1,2",4,5,6,5,9,0,0,9,True,True,5,4,1,True
6,random050,111112,"4,3,2,1,1,2",5,6,3,6,17,2,8,17,True,True,6,3,3,True
6,random052,122121,"2,2,2,2,4,1",3,4,5,4,5,2,5,5,True,True,4,2,2,True
6,random052,122121,"4,3,2,1,1,2",3,4,2,4,13,1,4,13,True,False,4,1,3,True
6,random054,112111,"2,2,2,2,4,1",5,6,5,6,5,2,5,5,True,True,6,4,2,True
6,random054,112111,"2,4,3,2,1,1",5,6,4,6,17,2,8,17,True,True,6,3,3,True
6,random054,112111,"4,3,2,1,1,2",5,6,6,6,9,0,0,9,True,True,6,5,1,True
6,random055,111211,"2,2,2,2,4,1",5,6,5,6,5,2,5,5,True,True,6,4,2,True
6,random055,111211,"2,4,3,2,1,1",5,6,3,6,13,1,4,13,True,False,6,3,3,True
6,random055,111211,"4,3,2,1,1,2",5,6,3,6,17,2,8,17,True,True,6,3,3,True
6,random057,212211,"2,2,2,2,4,1",3,4,5,4,5,2,5,5,True,True,4,2,2,True
6,random057,212211,"2,4,3,2,1,1",3,4,3,4,13,1,4,13,True,False,4,1,3,True
6,random057,212211,"4,3,2,1,1,2",3,4,2,4,13,1,4,13,True,False,4,1,3,True
6,random058,111221,"2,2,2,2,4,1",4,5,5,5,5,2,5,5,True,True,5,3,2,True
6,random060,121112,"4,3,2,1,1,2",4,5,3,5,17,2,8,17,True,True,5,2,3,True
6,random061,221121,"2,2,2,2,4,1",3,4,5,4,5,2,5,5,True,True,4,2,2,True
6,random061,221121,"4,3,2,1,1,2",3,4,3,4,17,2,8,17,True,True,4,1,3,True
6,sqrt2-per12,212112,"4,3,2,1,1,2",3,4,2,4,13,1,4,13,True,False,4,1,3,True
7,random000,2221121,"2,2,2,2,2,4,1",3,4,6,4,5,2,5,5,True,True,4,2,2,True
7,random000,2221121,"2,4,3,2,1,1,2",3,4,4,4,17,2,8,17,True,True,4,1,3,True
7,random001,1212221,"2,2,2,2,2,4,1",3,4,6,4,5,2,5,5,True,True,4,2,2,True
7,random002,2122211,"2,2,2,2,2,4,1",3,4,6,4,5,2,5,5,True,True,4,2,2,True
7,random002,2122211,"2,2,4,3,2,1,1",3,4,4,4,13,1,4,13,True,False,4,1,3,True
7,random002,2122211,"2,4,3,2,1,1,2",3,4,3,4,13,1,4,13,True,False,4,1,3,True
7,random004,2212211,"2,2,2,2,2,4,1",3,4,6,4,5,2,5,5,True,True,4,2,2,True
7,random004,2212211,"2,2,4,3,2,1,1",3,4,4,4,13,1,4,13,True,False,4,1,3,True
7,random004,2212211,"2,4,3,2,1,1,2",3,4,3,4,13,1,4,13,True,False,4,1,3,True
7,random008,1121211,"2,2,2,2,2,4,1",5,6,6,6,5,2,5,5,True,True,6,4,2,True
7,random008,1121211,"2,2,4,3,2,1,1",5,6,4,6,13,1,4,13,True,False,6,3,3,True
7,random008,1121211,"2,4,3,2,1,1,2",5,6,4,6,17,2,8,17,True,True,6,3,3,True
7,random011,1211111,"2,2,2,2,2,4,1",6,7,6,7,5,2,5,5,True,True,7,5,2,True
7,random011,1211111,"2,2,4,3,2,1,1",6,7,5,7,17,2,8,17,True,True,7,4,3,True
7,random011,1211111,"2,4,3,2,1,1,2",6,7,7,7,9,0,0,9,True,True,7,6,1,True
7,random012,2112111,"2,2,2,2,2,4,1",5,6,6,6,5,2,5,5,True,True,6,4,2,True
7,random012,2112111,"2,2,4,3,2,1,1",5,6,5,6,17,2,8,17,True,True,6,3,3,True
7,random012,2112111,"2,4,3,2,1,1,2",5,6,7,6,9,0,0,9,True,True,6,5,1,True
7,random014,1122211,"2,2,2,2,2,4,1",4,5,6,5,5,2,5,5,True,True,5,3,2,True
7,random014,1122211,"2,2,4,3,2,1,1",4,5,4,5,13,1,4,13,True,False,5,2,3,True
7,random014,1122211,"2,4,3,2,1,1,2",4,5,3,5,13,1,4,13,True,False,5,2,3,True
7,random015,1211221,"2,2,2,2,2,4,1",4,5,6,5,5,2,5,5,True,True,5,3,2,True
7,random017,2122121,"2,2,2,2,2,4,1",3,4,6,4,5,2,5,5,True,True,4,2,2,True
7,random017,2122121,"2,4,3,2,1,1,2",3,4,3,4,13,1,4,13,True,False,4,1,3,True
7,random018,2111112,"2,4,3,2,1,1,2",5,6,4,6,17,2,8,17,True,True,6,3,3,True
7,random023,2111221,"2,2,2,2,2,4,1",4,5,6,5,5,2,5,5,True,True,5,3,2,True
7,random024,1221112,"2,4,3,2,1,1,2",4,5,4,5,17,2,8,17,True,True,5,2,3,True
7,random025,1222221,"2,2,2,2,2,4,1",2,3,6,3,5,2,5,5,True,True,3,1,2,True
7,random027,1121111,"2,2,2,2,2,4,1",6,7,6,7,5,2,5,5,True,True,7,5,2,True
7,random027,1121111,"2,2,4,3,2,1,1",6,7,5,7,17,2,8,17,True,True,7,4,3,True
7,random027,1121111,"2,4,3,2,1,1,2",6,7,7,7,9,0,0,9,True,True,7,6,1,True
7,random028,2121211,"2,2,2,2,2,4,1",4,5,6,5,5,2,5,5,True,True,5,3,2,True
7,random028,2121211,"2,2,4,3,2,1,1",4,5,4,5,13,1,4,13,True,False,5,2,3,True
7,random028,2121211,"2,4,3,2,1,1,2",4,5,4,5,17,2,8,17,True,True,5,2,3,True
7,random030,1122121,"2,2,2,2,2,4,1",4,5,6,5,5,2,5,5,True,True,5,3,2,True
7,random030,1122121,"2,4,3,2,1,1,2",4,5,3,5,13,1,4,13,True,False,5,2,3,True
7,random031,1111112,"2,4,3,2,1,1,2",6,7,4,7,17,2,8,17,True,True,7,4,3,True
7,random032,2121111,"2,2,2,2,2,4,1",5,6,6,6,5,2,5,5,True,True,6,4,2,True
7,random032,2121111,"2,2,4,3,2,1,1",5,6,5,6,17,2,8,17,True,True,6,3,3,True
7,random032,2121111,"2,4,3,2,1,1,2",5,6,7,6,9,0,0,9,True,True,6,5,1,True
7,random033,1221221,"2,2,2,2,2,4,1",3,4,6,4,5,2,5,5,True,True,4,2,2,True
7,random035,2221112,"2,4,3,2,1,1,2",3,4,4,4,17,2,8,17,True,True,4,1,3,True
7,random037,2111111,"2,2,2,2,2,4,1",6,7,6,7,5,2,5,5,True,True,7,5,2,True
7,random037,2111111,"2,2,4,3,2,1,1",6,7,5,7,17,2,8,17,True,True,7,4,3,True
7,random037,2111111,"2,4,3,2,1,1,2",6,7,7,7,9,0,0,9,True,True,7,6,1,True
7,random040,2222221,"2,2,2,2,2,4,1",1,2,6,2,5,2,5,5,True,True,2,0,2,True
7,random041,1212121,"2,2,2,2,2,4,1",4,5,6,5,5,2,5,5,True,True,5,3,2,True
7,random041,1212121,"2,4,3,2,1,1,2",4,5,3,5,13,1,4,13,True,False,5,2,3,True
7,random043,1211211,"2,2,2,2,2,4,1",5,6,6,6,5,2,5,5,True,True,6,4,2,True
7,random043,1211211,"2,2,4,3,2,1,1",5,6,4,6,13,1,4,13,True,False,6,3,3,True
7,random043,1211211,"2,4,3,2,1,1,2",5,6,4,6,17,2,8,17,True,True,6,3,3,True
7,random047,2112221,"2,2,2,2,2,4,1",3,4,6,4,5,2,5,5,True,True,4,2,2,True
7,random048,2111211,"2,2,2,2,2,4,1",5,6,6,6,5,2,5,5,True,True,6,4,2,True
7,random048,2111211,"2,2,4,3,2,1,1",5,6,4,6,13,1,4,13,True,False,6,3,3,True
7,random048,2111211,"2,4,3,2,1,1,2",5,6,4,6,17,2,8,17,True,True,6,3,3,True
7,random049,2222211,"2,2,2,2,2,4,1",2,3,6,3,5,2,5,5,True,True,3,1,2,True
7,random049,2222211,"2,2,4,3,2,1,1",2,3,4,3,13,1,4,13,True,False,3,0,3,True
7,random049,2222211,"2,4,3,2,1,1,2",2,3,3,3,13,1,4,13,True,False,3,0,3,True
7,random050,2122221,"2,2,2,2,2,4,1",2,3,6,3,5,2,5,5,True,True,3,1,2,True
7,random051,2211211,"2,2,2,2,2,4,1",4,5,6,5,5,2,5,5,True,True,5,3,2,True
7,random051,2211211,"2,2,4,3,2,1,1",4,5,4,5,13,1,4,13,True,False,5,2,3,True
7,random051,2211211,"2,4,3,2,1,1,2",4,5,4,5,17,2,8,17,True,True,5,2,3,True
7,random052,2212221,"2,2,2,2,2,4,1",2,3,6,3,5,2,5,5,True,True,3,1,2,True
7,random053,1211121,"2,2,2,2,2,4,1",5,6,6,6,5,2,5,5,True,True,6,4,2,True
7,random053,1211121,"2,4,3,2,1,1,2",5,6,4,6,17,2,8,17,True,True,6,3,3,True
7,random054,1212211,"2,2,2,2,2,4,1",4,5,6,5,5,2,5,5,True,True,5,3,2,True
7,random054,1212211,"2,2,4,3,2,1,1",4,5,4,5,13,1,4,13,True,False,5,2,3,True
7,random054,1212211,"2,4,3,2,1,1,2",4,5,3,5,13,1,4,13,True,False,5,2,3,True
7,random055,2121112,"2,4,3,2,1,1,2",4,5,4,5,17,2,8,17,True,True,5,2,3,True
7,random058,2122111,"2,2,2,2,2,4,1",4,5,6,5,5,2,5,5,True,True,5,3,2,True
7,random058,2122111,"2,2,4,3,2,1,1",4,5,5,5,17,2,8,17,True,True,5,2,3,True
7,random058,2122111,"2,4,3,2,1,1,2",4,5,7,5,9,0,0,9,True,True,5,4,1,True
7,random059,1112121,"2,2,2,2,2,4,1",5,6,6,6,5,2,5,5,True,True,6,4,2,True
7,random059,1112121,"2,4,3,2,1,1,2",5,6,3,6,13,1,4,13,True,False,6,3,3,True
7,random060,1121121,"2,2,2,2,2,4,1",5,6,6,6,5,2,5,5,True,True,6,4,2,True
7,random060,1121121,"2,4,3,2,1,1,2",5,6,4,6,17,2,8,17,True,True,6,3,3,True
7,random062,1222211,"2,2,2,2,2,4,1",3,4,6,4,5,2,5,5,True,True,4,2,2,True
7,random062,1222211,"2,2,4,3,2,1,1",3,4,4,4,13,1,4,13,True,False,4,1,3,True
7,random062,1222211,"2,4,3,2,1,1,2",3,4,3,4,13,1,4,13,True,False,4,1,3,True
7,random063,2212112,"2,4,3,2,1,1,2",3,4,3,4,13,1,4,13,True,False,4,1,3,True
7,random065,1222112,"2,4,3,2,1,1,2",3,4,3,4,13,1,4,13,True,False,4,1,3,True
7,random066,1111121,"2,2,2,2,2,4,1",6,7,6,7,5,2,5,5,True,True,7,5,2,True
7,random066,1111121,"2,4,3,2,1,1,2",6,7,4,7,17,2,8,17,True,True,7,4,3,True
7,random067,2111121,"2,2,2,2,2,4,1",5,6,6,6,5,2,5,5,True,True,6,4,2,True
7,random067,2111121,"2,4,3,2,1,1,2",5,6,4,6,17,2,8,17,True,True,6,3,3,True
7,random068,1111211,"2,2,2,2,2,4,1",6,7,6,7,5,2,5,5,True,True,7,5,2,True
7,random068,1111211,"2,2,4,3,2,1,1",6,7,4,7,13,1,4,13,True,False,7,4,3,True
7,random068,1111211,"2,4,3,2,1,1,2",6,7,4,7,17,2,8,17,True,True,7,4,3,True
7,random069,2211111,"2,2,2,2,2,4,1",5,6,6,6,5,2,5,5,True,True,6,4,2,True
7,random069,2211111,"2,2,4,3,2,1,1",5,6,5,6,17,2,8,17,True,True,6,3,3,True
7,random069,2211111,"2,4,3,2,1,1,2",5,6,7,6,9,0,0,9,True,True,6,5,1,True
7,random070,1111221,"2,2,2,2,2,4,1",5,6,6,6,5,2,5,5,True,True,6,4,2,True
7,random072,1121112,"2,4,3,2,1,1,2",5,6,4,6,17,2,8,17,True,True,6,3,3,True
7,random075,1212112,"2,4,3,2,1,1,2",4,5,3,5,13,1,4,13,True,False,5,2,3,True
7,random076,2222112,"2,4,3,2,1,1,2",2,3,3,3,13,1,4,13,True,False,3,0,3,True
7,random078,1112221,"2,2,2,2,2,4,1",4,5,6,5,5,2,5,5,True,True,5,3,2,True
7,random079,2211221,"2,2,2,2,2,4,1",3,4,6,4,5,2,5,5,True,True,4,2,2,True
7,random081,2211121,"2,2,2,2,2,4,1",4,5,6,5,5,2,5,5,True,True,5,3,2,True
7,random081,2211121,"2,4,3,2,1,1,2",4,5,4,5,17,2,8,17,True,True,5,2,3,True
7,random082,2212121,"2,2,2,2,2,4,1",3,4,6,4,5,2,5,5,True,True,4,2,2,True
7,random082,2212121,"2,4,3,2,1,1,2",3,4,3,4,13,1,4,13,True,False,4,1,3,True
7,random085,1212111,"2,2,2,2,2,4,1",5,6,6,6,5,2,5,5,True,True,6,4,2,True
7,random085,1212111,"2,2,4,3,2,1,1",5,6,5,6,17,2,8,17,True,True,6,3,3,True
7,random085,1212111,"2,4,3,2,1,1,2",5,6,7,6,9,0,0,9,True,True,6,5,1,True
7,random086,2221111,"2,2,2,2,2,4,1",4,5,6,5,5,2,5,5,True,True,5,3,2,True
7,random086,2221111,"2,2,4,3,2,1,1",4,5,5,5,17,2,8,17,True,True,5,2,3,True
7,random086,2221111,"2,4,3,2,1,1,2",4,5,7,5,9,0,0,9,True,True,5,4,1,True
7,random087,2212111,"2,2,2,2,2,4,1",4,5,6,5,5,2,5,5,True,True,5,3,2,True
7,random087,2212111,"2,2,4,3,2,1,1",4,5,5,5,17,2,8,17,True,True,5,2,3,True
7,random087,2212111,"2,4,3,2,1,1,2",4,5,7,5,9,0,0,9,True,True,5,4,1,True
7,random089,1221211,"2,2,2,2,2,4,1",4,5,6,5,5,2,5,5,True,True,5,3,2,True
7,random089,1221211,"2,2,4,3,2,1,1",4,5,4,5,13,1,4,13,True,False,5,2,3,True
7,random089,1221211,"2,4,3,2,1,1,2",4,5,4,5,17,2,8,17,True,True,5,2,3,True
7,random090,1111111,"2,2,2,2,2,4,1",7,8,6,8,5,2,5,5,True,True,8,6,2,True
7,random090,1111111,"2,2,4,3,2,1,1",7,8,5,8,17,2,8,17,True,True,8,5,3,True
7,random090,1111111,"2,4,3,2,1,1,2",7,8,7,8,9,0,0,9,True,True,8,7,1,True
7,random091,2122112,"2,4,3,2,1,1,2",3,4,3,4,13,1,4,13,True,False,4,1,3,True
7,random092,2222111,"2,2,2,2,2,4,1",3,4,6,4,5,2,5,5,True,True,4,2,2,True
7,random092,2222111,"2,2,4,3,2,1,1",3,4,5,4,17,2,8,17,True,True,4,1,3,True
7,random092,2222111,"2,4,3,2,1,1,2",3,4,7,4,9,0,0,9,True,True,4,3,1,True
7,random095,2112121,"2,2,2,2,2,4,1",4,5,6,5,5,2,5,5,True,True,5,3,2,True
7,random095,2112121,"2,4,3,2,1,1,2",4,5,3,5,13,1,4,13,True,False,5,2,3,True
7,random098,2211112,"2,4,3,2,1,1,2",4,5,4,5,17,2,8,17,True,True,5,2,3,True
7,random099,2121221,"2,2,2,2,2,4,1",3,4,6,4,5,2,5,5,True,True,4,2,2,True
7,random100,1112111,"2,2,2,2,2,4,1",6,7,6,7,5,2,5,5,True,True,7,5,2,True
7,random100,1112111,"2,2,4,3,2,1,1",6,7,5,7,17,2,8,17,True,True,7,4,3,True
7,random100,1112111,"2,4,3,2,1,1,2",6,7,7,7,9,0,0,9,True,True,7,6,1,True
7,random102,1222121,"2,2,2,2,2,4,1",3,4,6,4,5,2,5,5,True,True,4,2,2,True
7,random102,1222121,"2,4,3,2,1,1,2",3,4,3,4,13,1,4,13,True,False,4,1,3,True
7,random103,1221121,"2,2,2,2,2,4,1",4,5,6,5,5,2,5,5,True,True,5,3,2,True
7,random103,1221121,"2,4,3,2,1,1,2",4,5,4,5,17,2,8,17,True,True,5,2,3,True
7,random105,2112112,"2,4,3,2,1,1,2",4,5,3,5,13,1,4,13,True,False,5,2,3,True
7,random108,2221211,"2,2,2,2,2,4,1",3,4,6,4,5,2,5,5,True,True,4,2,2,True
7,random108,2221211,"2,2,4,3,2,1,1",3,4,4,4,13,1,4,13,True,False,4,1,3,True
7,random108,2221211,"2,4,3,2,1,1,2",3,4,4,4,17,2,8,17,True,True,4,1,3,True
7,random110,1221111,"2,2,2,2,2,4,1",5,6,6,6,5,2,5,5,True,True,6,4,2,True
7,random110,1221111,"2,2,4,3,2,1,1",5,6,5,6,17,2,8,17,True,True,6,3,3,True
7,random110,1221111,"2,4,3,2,1,1,2",5,6,7,6,9,0,0,9,True,True,6,5,1,True
7,random111,1112112,"2,4,3,2,1,1,2",5,6,3,6,13,1,4,13,True,False,6,3,3,True
7,random112,1122111,"2,2,2,2,2,4,1",5,6,6,6,5,2,5,5,True,True,6,4,2,True
7,random112,1122111,"2,2,4,3,2,1,1",5,6,5,6,17,2,8,17,True,True,6,3,3,True
7,random112,1122111,"2,4,3,2,1,1,2",5,6,7,6,9,0,0,9,True,True,6,5,1,True
7,random114,2112211,"2,2,2,2,2,4,1",4,5,6,5,5,2,5,5,True,True,5,3,2,True
7,random114,2112211,"2,2,4,3,2,1,1",4,5,4,5,13,1,4,13,True,False,5,2,3,True
7,random114,2112211,"2,4,3,2,1,1,2",4,5,3,5,13,1,4,13,True,False,5,2,3,True
7,random115,1121221,"2,2,2,2,2,4,1",4,5,6,5,5,2,5,5,True,True,5,3,2,True
7,random117,2222121,"2,2,2,2,2,4,1",2,3,6,3,5,2,5,5,True,True,3,1,2,True
7,random117,2222121,"2,4,3,2,1,1,2",2,3,3,3,13,1,4,13,True,False,3,0,3,True
7,random118,1112211,"2,2,2,2,2,4,1",5,6,6,6,5,2,5,5,True,True,6,4,2,True
7,random118,1112211,"2,2,4,3,2,1,1",5,6,4,6,13,1,4,13,True,False,6,3,3,True
7,random118,1112211,"2,4,3,2,1,1,2",5,6,3,6,13,1,4,13,True,False,6,3,3,True
7,random119,1122112,"2,4,3,2,1,1,2",4,5,3,5,13,1,4,13,True,False,5,2,3,True
7,random121,2221221,"2,2,2,2,2,4,1",2,3,6,3,5,2,5,5,True,True,3,1,2,True
7,random122,1122221,"2,2,2,2,2,4,1",3,4,6,4,5,2,5,5,True,True,4,2,2,True
7,random123,1222111,"2,2,2,2,2,4,1",4,5,6,5,5,2,5,5,True,True,5,3,2,True
7,random123,1222111,"2,2,4,3,2,1,1",4,5,5,5,17,2,8,17,True,True,5,2,3,True
7,random123,1222111,"2,4,3,2,1,1,2",4,5,7,5,9,0,0,9,True,True,5,4,1,True
7,random124,1211112,"2,4,3,2,1,1,2",5,6,4,6,17,2,8,17,True,True,6,3,3,True
7,sqrt2-per12,2121121,"2,2,2,2,2,4,1",4,5,6,5,5,2,5,5,True,True,5,3,2,True
7,sqrt2-per12,2121121,"2,4,3,2,1,1,2",4,5,4,5,17,2,8,17,True,True,5,2,3,True
8,golden-per8,22121221,"2,2,2,2,2,2,4,1",3,4,7,4,5,2,5,5,True,True,4,2,2,True
8,random003,12221221,"2,2,2,2,2,2,4,1",3,4,7,4,5,2,5,5,True,True,4,2,2,True
8,random005,22211121,"2,2,2,2,2,2,4,1",4,5,7,5,5,2,5,5,True,True,5,3,2,True
8,random005,22211121,"2,2,4,3,2,1,1,2",4,5,5,5,17,2,8,17,True,True,5,2,3,True
8,random006,12121211,"2,2,2,2,2,2,4,1",5,6,7,6,5,2,5,5,True,True,6,4,2,True
8,random006,12121211,"2,2,2,4,3,2,1,1",5,6,5,6,13,1,4,13,True,False,6,3,3,True
8,random006,12121211,"2,2,4,3,2,1,1,2",5,6,5,6,17,2,8,17,True,True,6,3,3,True
8,random008,21211112,"2,2,4,3,2,1,1,2",5,6,5,6,17,2,8,17,True,True,6,3,3,True
8,random009,12211121,"2,2,2,2,2,2,4,1",5,6,7,6,5,2,5,5,True,True,6,4,2,True
8,random009,12211121,"2,2,4,3,2,1,1,2",5,6,5,6,17,2,8,17,True,True,6,3,3,True
8,random010,12122112,"2,2,4,3,2,1,1,2",4,5,4,5,13,1,4,13,True,False,5,2,3,True
8,random016,21222121,"2,2,2,2,2,2,4,1",3,4,7,4,5,2,5,5,True,True,4,2,2,True
8,random016,21222121,"2,2,4,3,2,1,1,2",3,4,4,4,13,1,4,13,True,False,4,1,3,True
8,random018,12221121,"2,2,2,2,2,2,4,1",4,5,7,5,5,2,5,5,True,True,5,3,2,True
8,random018,12221121,"2,2,4,3,2,1,1,2",4,5,5,5,17,2,8,17,True,True,5,2,3,True
8,random019,12222112,"2,2,4,3,2,1,1,2",3,4,4,4,13,1,4,13,True,False,4,1,3,True
8,random021,11222112,"2,2,4,3,2,1,1,2",4,5,4,5,13,1,4,13,True,False,5,2,3,True
8,random022,22212121,"2,2,2,2,2,2,4,1",3,4,7,4,5,2,5,5,True,True,4,2,2,True
8,random022,22212121,"2,2,4,3,2,1,1,2",3,4,4,4,13,1,4,13,True,False,4,1,3,True
8,random023,22121211,"2,2,2,2,2,2,4,1",4,5,7,5,5,2,5,5,True,True,5,3,2,True
8,random023,22121211,"2,2,2,4,3,2,1,1",4,5,5,5,13,1,4,13,True,False,5,2,3,True
8,random023,22121211,"2,2,4,3,2,1,1,2",4,5,5,5,17,2,8,17,True,True,5,2,3,True
8,random024,22111112,"2,2,4,3,2,1,1,2",5,6,5,6,17,2,8,17,True,True,6,3,3,True
8,random027,12111211,"2,2,2,2,2,2,4,1",6,7,7,7,5,2,5,5,True,True,7,5,2,True
8,random027,12111211,"2,2,2,4,3,2,1,1",6,7,5,7,13,1,4,13,True,False,7,4,3,True
8,random027,12111211,"2,2,4,3,2,1,1,2",6,7,5,7,17,2,8,17,True,True,7,4,3,True
8,random028,22211111,"2,2,2,2,2,2,4,1",5,6,7,6,5,2,5,5,True,True,6,4,2,True
8,random028,22211111,"2,2,2,4,3,2,1,1",5,6,6,6,17,2,8,17,True,True,6,3,3,True
8,random028,22211111,"2,2,4,3,2,1,1,2",5,6,8,6,9,0,0,9,True,True,6,5,1,True
8,random030,11121221,"2,2,2,2,2,2,4,1",5,6,7,6,5,2,5,5,True,True,6,4,2,True
8,random031,22222221,"2,2,2,2,2,2,4,1",1,2,7,2,5,2,5,5,True,True,2,0,2,True
8,random034,21121211,"2,2,2,2,2,2,4,1",5,6,7,6,5,2,5,5,True,True,6,4,2,True
8,random034,21121211,"2,2,2,4,3,2,1,1",5,6,5,6,13,1,4,13,True,False,6,3,3,True
8,random034,21121211,"2,2,4,3,2,1,1,2",5,6,5,6,17,2,8,17,True,True,6,3,3,True
8,random035,12212121,"2,2,2,2,2,2,4,1",4,5,7,5,5,2,5,5,True,True,5,3,2,True
8,random035,12212121,"2,2,4,3,2,1,1,2",4,5,4,5,13,1,4,13,True,False,5,2,3,True
8,random036,21222211,"2,2,2,2,2,2,4,1",3,4,7,4,5,2,5,5,True,True,4,2,2,True
8,random036,21222211,"2,2,2,4,3,2,1,1",3,4,5,4,13,1,4,13,True,False,4,1,3,True
8,random036,21222211,"2,2,4,3,2,1,1,2",3,4,4,4,13,1,4,13,True,False,4,1,3,True
8,random038,21122112,"2,2,4,3,2,1,1,2",4,5,4,5,13,1,4,13,True,False,5,2,3,True
8,random040,12212221,"2,2,2,2,2,2,4,1",3,4,7,4,5,2,5,5,True,True,4,2,2,True
8,random042,11121112,"2,2,4,3,2,1,1,2",6,7,5,7,17,2,8,17,True,True,7,4,3,True
8,random043,11111112,"2,2,4,3,2,1,1,2",7,8,5,8,17,2,8,17,True,True,8,5,3,True
8,random048,12212112,"2,2,4,3,2,1,1,2",4,5,4,5,13,1,4,13,True,False,5,2,3,True
8,random049,11111211,"2,2,2,2,2,2,4,1",7,8,7,8,5,2,5,5,True,True,8,6,2,True
8,random049,11111211,"2,2,2,4,3,2,1,1",7,8,5,8,13,1,4,13,True,False,8,5,3,True
8,random049,11111211,"2,2,4,3,2,1,1,2",7,8,5,8,17,2,8,17,True,True,8,5,3,True
8,random050,11122211,"2,2,2,2,2,2,4,1",5,6,7,6,5,2,5,5,True,True,6,4,2,True
8,random050,11122211,"2,2,2,4,3,2,1,1",5,6,5,6,13,1,4,13,True,False,6,3,3,True
8,random050,11122211,"2,2,4,3,2,1,1,2",5,6,4,6,13,1,4,13,True,False,6,3,3,True
8,random052,12122221,"2,2,2,2,2,2,4,1",3,4,7,4,5,2,5,5,True,True,4,2,2,True
8,random053,21122121,"2,2,2,2,2,2,4,1",4,5,7,5,5,2,5,5,True,True,5,3,2,True
8,random053,21122121,"2,2,4,3,2,1,1,2",4,5,4,5,13,1,4,13,True,False,5,2,3,True
8,random054,12212111,"2,2,2,2,2,2,4,1",5,6,7,6,5,2,5,5,True,True,6,4,2,True
8,random054,12212111,"2,2,2,4,3,2,1,1",5,6,6,6,17,2,8,17,True,True,6,3,3,True
8,random054,12212111,"2,2,4,3,2,1,1,2",5,6,8,6,9,0,0,9,True,True,6,5,1,True
8,random056,11221121,"2,2,2,2,2,2,4,1",5,6,7,6,5,2,5,5,True,True,6,4,2,True
8,random056,11221121,"2,2,4,3,2,1,1,2",5,6,5,6,17,2,8,17,True,True,6,3,3,True
8,random058,11112121,"2,2,2,2,2,2,4,1",6,7,7,7,5,2,5,5,True,True,7,5,2,True
8,random058,11112121,"2,2,4,3,2,1,1,2",6,7,4,7,13,1,4,13,True,False,7,4,3,True
8,random059,21112112,"2,2,4,3,2,1,1,2",5,6,4,6,13,1,4,13,True,False,6,3,3,True
8,random060,12112112,"2,2,4,3,2,1,1,2",5,6,4,6,13,1,4,13,True,False,6,3,3,True
8,random061,22112221,"2,2,2,2,2,2,4,1",3,4,7,4,5,2,5,5,True,True,4,2,2,True
8,random062,22212211,"2,2,2,2,2,2,4,1",3,4,7,4,5,2,5,5,True,True,4,2,2,True
8,random062,22212211,"2,2,2,4,3,2,1,1",3,4,5,4,13,1,4,13,True,False,4,1,3,True
8,random062,22212211,"2,2,4,3,2,1,1,2",3,4,4,4,13,1,4,13,True,False,4,1,3,True
8,random063,22122112,"2,2,4,3,2,1,1,2",3,4,4,4,13,1,4,13,True,False,4,1,3,True
8,random067,22121111,"2,2,2,2,2,2,4,1",5,6,7,6,5,2,5,5,True,True,6,4,2,True
8,random067,22121111,"2,2,2,4,3,2,1,1",5,6,6,6,17,2,8,17,True,True,6,3,3,True
8,random067,22121111,"2,2,4,3,2,1,1,2",5,6,8,6,9,0,0,9,True,True,6,5,1,True
8,random068,12122111,"2,2,2,2,2,2,4,1",5,6,7,6,5,2,5,5,True,True,6,4,2,True
8,random068,12122111,"2,2,2,4,3,2,1,1",5,6,6,6,17,2,8,17,True,True,6,3,3,True
8,random068,12122111,"2,2,4,3,2,1,1,2",5,6,8,6,9,0,0,9,True,True,6,5,1,True
8,random071,21111111,"2,2,2,2,2,2,4,1",7,8,7,8,5,2,5,5,True,True,8,6,2,True
8,random071,21111111,"2,2,2,4,3,2,1,1",7,8,6,8,17,2,8,17,True,True,8,5,3,True
8,random071,21111111,"2,2,4,3,2,1,1,2",7,8,8,8,9,0,0,9,True,True,8,7,1,True
8,random072,11111111,"2,2,2,2,2,2,4,1",8,9,7,9,5,2,5,5,True,True,9,7,2,True
8,random072,11111111,"2,2,2,4,3,2,1,1",8,9,6,9,17,2,8,17,True,True,9,6,3,True
8,random072,11111111,"2,2,4,3,2,1,1,2",8,9,8,9,9,0,0,9,True,True,9,8,1,True
8,random074,21121221,"2,2,2,2,2,2,4,1",4,5,7,5,5,2,5,5,True,True,5,3,2,True
8,random075,11221112,"2,2,4,3,2,1,1,2",5,6,5,6,17,2,8,17,True,True,6,3,3,True
8,random077,22111211,"2,2,2,2,2,2,4,1",5,6,7,6,5,2,5,5,True,True,6,4,2,True
8,random077,22111211,"2,2,2,4,3,2,1,1",5,6,5,6,13,1,4,13,True,False,6,3,3,True
8,random077,22111211,"2,2,4,3,2,1,1,2",5,6,5,6,17,2,8,17,True,True,6,3,3,True
8,random079,21222111,"2,2,2,2,2,2,4,1",4,5,7,5,5,2,5,5,True,True,5,3,2,True
8,random079,21222111,"2,2,2,4,3,2,1,1",4,5,6,5,17,2,8,17,True,True,5,2,3,True
8,random079,21222111,"2,2,4,3,2,1,1,2",4,5,8,5,9,0,0,9,True,True,5,4,1,True
8,random080,22211211,"2,2,2,2,2,2,4,1",4,5,7,5,5,2,5,5,True,True,5,3,2,True
8,random080,22211211,"2,2,2,4,3,2,1,1",4,5,5,5,13,1,4,13,True,False,5,2,3,True
8,random080,22211211,"2,2,4,3,2,1,1,2",4,5,5,5,17,2,8,17,True,True,5,2,3,True
8,random081,11112211,"2,2,2,2,2,2,4,1",6,7,7,7,5,2,5,5,True,True,7,5,2,True
8,random081,11112211,"2,2,2,4,3,2,1,1",6,7,5,7,13,1,4,13,True,False,7,4,3,True
8,random081,11112211,"2,2,4,3,2,1,1,2",6,7,4,7,13,1,4,13,True,False,7,4,3,True
8,random082,12121221,"2,2,2,2,2,2,4,1",4,5,7,5,5,2,5,5,True,True,5,3,2,True
8,random084,12222121,"2,2,2,2,2,2,4,1",3,4,7,4,5,2,5,5,True,True,4,2,2,True
8,random084,12222121,"2,2,4,3,2,1,1,2",3,4,4,4,13,1,4,13,True,False,4,1,3,True
8,random086,12221112,"2,2,4,3,2,1,1,2",4,5,5,5,17,2,8,17,True,True,5,2,3,True
8,random088,12221211,"2,2,2,2,2,2,4,1",4,5,7,5,5,2,5,5,True,True,5,3,2,True
8,random088,12221211,"2,2,2,4,3,2,1,1",4,5,5,5,13,1,4,13,True,False,5,2,3,True
8,random088,12221211,"2,2,4,3,2,1,1,2",4,5,5,5,17,2,8,17,True,True,5,2,3,True
8,random090,21212112,"2,2,4,3,2,1,1,2",4,5,4,5,13,1,4,13,True,False,5,2,3,True
8,random095,21211221,"2,2,2,2,2,2,4,1",4,5,7,5,5,2,5,5,True,True,5,3,2,True
8,random097,11122221,"2,2,2,2,2,2,4,1",4,5,7,5,5,2,5,5,True,True,5,3,2,True
8,random098,22121121,"2,2,2,2,2,2,4,1",4,5,7,5,5,2,5,5,True,True,5,3,2,True
8,random098,22121121,"2,2,4,3,2,1,1,2",4,5,5,5,17,2,8,17,True,True,5,2,3,True
8,random102,22222112,"2,2,4,3,2,1,1,2",2,3,4,3,13,1,4,13,True,False,3,0,3,True
8,random105,21112111,"2,2,2,2,2,2,4,1",6,7,7,7,5,2,5,5,True,True,7,5,2,True
8,random105,21112111,"2,2,2,4,3,2,1,1",6,7,6,7,17,2,8,17,True,True,7,4,3,True
8,random105,21112111,"2,2,4,3,2,1,1,2",6,7,8,7,9,0,0,9,True,True,7,6,1,True
8,random107,11222221,"2,2,2,2,2,2,4,1",3,4,7,4,5,2,5,5,True,True,4,2,2,True
8,random109,21112121,"2,2,2,2,2,2,4,1",5,6,7,6,5,2,5,5,True,True,6,4,2,True
8,random109,21112121,"2,2,4,3,2,1,1,2",5,6,4,6,13,1,4,13,True,False,6,3,3,True
8,random110,11211211,"2,2,2,2,2,2,4,1",6,7,7,7,5,2,5,5,True,True,7,5,2,True
8,random110,11211211,"2,2,2,4,3,2,1,1",6,7,5,7,13,1,4,13,True,False,7,4,3,True
8,random110,11211211,"2,2,4,3,2,1,1,2",6,7,5,7,17,2,8,17,True,True,7,4,3,True
8,random111,22211112,"2,2,4,3,2,1,1,2",4,5,5,5,17,2,8,17,True,True,5,2,3,True
8,random112,21111112,"2,2,4,3,2,1,1,2",6,7,5,7,17,2,8,17,True,True,7,4,3,True
8,random113,22221121,"2,2,2,2,2,2,4,1",3,4,7,4,5,2,5,5,True,True,4,2,2,True
8,random113,22221121,"2,2,4,3,2,1,1,2",3,4,5,4,17,2,8,17,True,True,4,1,3,True
8,random114,11122112,"2,2,4,3,2,1,1,2",5,6,4,6,13,1,4,13,True,False,6,3,3,True
8,random115,22111111,"2,2,2,2,2,2,4,1",6,7,7,7,5,2,5,5,True,True,7,5,2,True
8,random115,22111111,"2,2,2,4,3,2,1,1",6,7,6,7,17,2,8,17,True,True,7,4,3,True
8,random115,22111111,"2,2,4,3,2,1,1,2",6,7,8,7,9,0,0,9,True,True,7,6,1,True
8,random118,12111111,"2,2,2,2,2,2,4,1",7,8,7,8,5,2,5,5,True,True,8,6,2,True
8,random118,12111111,"2,2,2,4,3,2,1,1",7,8,6,8,17,2,8,17,True,True,8,5,3,True
8,random118,12111111,"2,2,4,3,2,1,1,2",7,8,8,8,9,0,0,9,True,True,8,7,1,True
8,random120,12211111,"2,2,2,2,2,2,4,1",6,7,7,7,5,2,5,5,True,True,7,5,2,True
8,random120,12211111,"2,2,2,4,3,2,1,1",6,7,6,7,17,2,8,17,True,True,7,4,3,True
8,random120,12211111,"2,2,4,3,2,1,1,2",6,7,8,7,9,0,0,9,True,True,7,6,1,True
8,random122,22112211,"2,2,2,2,2,2,4,1",4,5,7,5,5,2,5,5,True,True,5,3,2,True
8,random122,22112211,"2,2,2,4,3,2,1,1",4,5,5,5,13,1,4,13,True,False,5,2,3,True
8,random122,22112211,"2,2,4,3,2,1,1,2",4,5,4,5,13,1,4,13,True,False,5,2,3,True
8,random124,12211221,"2,2,2,2,2,2,4,1",4,5,7,5,5,2,5,5,True,True,5,3,2,True
8,random125,12112111,"2,2,2,2,2,2,4,1",6,7,7,7,5,2,5,5,True,True,7,5,2,True
8,random125,12112111,"2,2,2,4,3,2,1,1",6,7,6,7,17,2,8,17,True,True,7,4,3,True
8,random125,12112111,"2,2,4,3,2,1,1,2",6,7,8,7,9,0,0,9,True,True,7,6,1,True
8,random126,22221112,"2,2,4,3,2,1,1,2",3,4,5,4,17,2,8,17,True,True,4,1,3,True
8,random127,11222111,"2,2,2,2,2,2,4,1",5,6,7,6,5,2,5,5,True,True,6,4,2,True
8,random127,11222111,"2,2,2,4,3,2,1,1",5,6,6,6,17,2,8,17,True,True,6,3,3,True
8,random127,11222111,"2,2,4,3,2,1,1,2",5,6,8,6,9,0,0,9,True,True,6,5,1,True
8,random128,12122211,"2,2,2,2,2,2,4,1",4,5,7,5,5,2,5,5,True,True,5,3,2,True
8,random128,12122211,"2,2,2,4,3,2,1,1",4,5,5,5,13,1,4,13,True,False,5,2,3,True
8,random128,12122211,"2,2,4,3,2,1,1,2",4,5,4,5,13,1,4,13,True,False,5,2,3,True
8,random129,21212211,"2,2,2,2,2,2,4,1",4,5,7,5,5,2,5,5,True,True,5,3,2,True
8,random129,21212211,"2,2,2,4,3,2,1,1",4,5,5,5,13,1,4,13,True,False,5,2,3,True
8,random129,21212211,"2,2,4,3,2,1,1,2",4,5,4,5,13,1,4,13,True,False,5,2,3,True
8,random131,11212221,"2,2,2,2,2,2,4,1",4,5,7,5,5,2,5,5,True,True,5,3,2,True
8,random132,21222112,"2,2,4,3,2,1,1,2",3,4,4,4,13,1,4,13,True,False,4,1,3,True
8,random134,12121111,"2,2,2,2,2,2,4,1",6,7,7,7,5,2,5,5,True,True,7,5,2,True
8,random134,12121111,"2,2,2,4,3,2,1,1",6,7,6,7,17,2,8,17,True,True,7,4,3,True
8,random134,12121111,"2,2,4,3,2,1,1,2",6,7,8,7,9,0,0,9,True,True,7,6,1,True
8,random135,11212112,"2,2,4,3,2,1,1,2",5,6,4,6,13,1,4,13,True,False,6,3,3,True
8,random136,11221211,"2,2,2,2,2,2,4,1",5,6,7,6,5,2,5,5,True,True,6,4,2,True
8,random136,11221211,"2,2,2,4,3,2,1,1",5,6,5,6,13,1,4,13,True,False,6,3,3,True
8,random136,11221211,"2,2,4,3,2,1,1,2",5,6,5,6,17,2,8,17,True,True,6,3,3,True
8,random138,22111121,"2,2,2,2,2,2,4,1",5,6,7,6,5,2,5,5,True,True,6,4,2,True
8,random138,22111121,"2,2,4,3,2,1,1,2",5,6,5,6,17,2,8,17,True,True,6,3,3,True
8,random139,21221121,"2,2,2,2,2,2,4,1",4,5,7,5,5,2,5,5,True,True,5,3,2,True
8,random139,21221121,"2,2,4,3,2,1,1,2",4,5,5,5,17,2,8,17,True,True,5,2,3,True
8,random140,22221211,"2,2,2,2,2,2,4,1",3,4,7,4,5,2,5,5,True,True,4,2,2,True
8,random140,22221211,"2,2,2,4,3,2,1,1",3,4,5,4,13,1,4,13,True,False,4,1,3,True
8,random140,22221211,"2,2,4,3,2,1,1,2",3,4,5,4,17,2,8,17,True,True,4,1,3,True
8,random141,21122211,"2,2,2,2,2,2,4,1",4,5,7,5,5,2,5,5,True,True,5,3,2,True
8,random141,21122211,"2,2,2,4,3,2,1,1",4,5,5,5,13,1,4,13,True,False,5,2,3,True
8,random141,21122211,"2,2,4,3,2,1,1,2",4,5,4,5,13,1,4,13,True,False,5,2,3,True
8,random144,21211211,"2,2,2,2,2,2,4,1",5,6,7,6,5,2,5,5,True,True,6,4,2,True
8,random144,21211211,"2,2,2,4,3,2,1,1",5,6,5,6,13,1,4,13,True,False,6,3,3,True
8,random144,21211211,"2,2,4,3,2,1,1,2",5,6,5,6,17,2,8,17,True,True,6,3,3,True
8,random145,11121211,"2,2,2,2,2,2,4,1",6,7,7,7,5,2,5,5,True,True,7,5,2,True
8,random145,11121211,"2,2,2,4,3,2,1,1",6,7,5,7,13,1,4,13,True,False,7,4,3,True
8,random145,11121211,"2,2,4,3,2,1,1,2",6,7,5,7,17,2,8,17,True,True,7,4,3,True
8,random148,22112111,"2,2,2,2,2,2,4,1",5,6,7,6,5,2,5,5,True,True,6,4,2,True
8,random148,22112111,"2,2,2,4,3,2,1,1",5,6,6,6,17,2,8,17,True,True,6,3,3,True
8,random148,22112111,"2,2,4,3,2,1,1,2",5,6,8,6,9,0,0,9,True,True,6,5,1,True
8,random150,12112211,"2,2,2,2,2,2,4,1",5,6,7,6,5,2,5,5,True,True,6,4,2,True
8,random150,12112211,"2,2,2,4,3,2,1,1",5,6,5,6,13,1,4,13,True,False,6,3,3,True
8,random150,12112211,"2,2,4,3,2,1,1,2",5,6,4,6,13,1,4,13,True,False,6,3,3,True
8,random151,12212211,"2,2,2,2,2,2,4,1",4,5,7,5,5,2,5,5,True,True,5,3,2,True
8,random151,12212211,"2,2,2,4,3,2,1,1",4,5,5,5,13,1,4,13,True,False,5,2,3,True
8,random151,12212211,"2,2,4,3,2,1,1,2",4,5,4,5,13,1,4,13,True,False,5,2,3,True
8,random152,22121112,"2,2,4,3,2,1,1,2",4,5,5,5,17,2,8,17,True,True,5,2,3,True
8,random153,11221111,"2,2,2,2,2,2,4,1",6,7,7,7,5,2,5,5,True,True,7,5,2,True
8,random153,11221111,"2,2,2,4,3,2,1,1",6,7,6,7,17,2,8,17,True,True,7,4,3,True
8,random153,11221111,"2,2,4,3,2,1,1,2",6,7,8,7,9,0,0,9,True,True,7,6,1,True
8,random154,21212221,"2,2,2,2,2,2,4,1",3,4,7,4,5,2,5,5,True,True,4,2,2,True
8,random155,21121111,"2,2,2,2,2,2,4,1",6,7,7,7,5,2,5,5,True,True,7,5,2,True
8,random155,21121111,"2,2,2,4,3,2,1,1",6,7,6,7,17,2,8,17,True,True,7,4,3,True
8,random155,21121111,"2,2,4,3,2,1,1,2",6,7,8,7,9,0,0,9,True,True,7,6,1,True
8,random156,11122111,"2,2,2,2,2,2,4,1",6,7,7,7,5,2,5,5,True,True,7,5,2,True
8,random156,11122111,"2,2,2,4,3,2,1,1",6,7,6,7,17,2,8,17,True,True,7,4,3,True
8,random156,11122111,"2,2,4,3,2,1,1,2",6,7,8,7,9,0,0,9,True,True,7,6,1,True
8,random158,21221111,"2,2,2,2,2,2,4,1",5,6,7,6,5,2,5,5,True,True,6,4,2,True
8,random158,21221111,"2,2,2,4,3,2,1,1",5,6,6,6,17,2,8,17,True,True,6,3,3,True
8,random158,21221111,"2,2,4,3,2,1,1,2",5,6,8,6,9,0,0,9,True,True,6,5,1,True
8,random166,22111221,"2,2,2,2,2,2,4,1",4,5,7,5,5,2,5,5,True,True,5,3,2,True
8,random167,21111121,"2,2,2,2,2,2,4,1",6,7,7,7,5,2,5,5,True,True,7,5,2,True
8,random167,21111121,"2,2,4,3,2,1,1,2",6,7,5,7,17,2,8,17,True,True,7,4,3,True
8,random168,12221111,"2,2,2,2,2,2,4,1",5,6,7,6,5,2,5,5,True,True,6,4,2,True
8,random168,12221111,"2,2,2,4,3,2,1,1",5,6,6,6,17,2,8,17,True,True,6,3,3,True
8,random168,12221111,"2,2,4,3,2,1,1,2",5,6,8,6,9,0,0,9,True,True,6,5,1,True
8,random171,11112221,"2,2,2,2,2,2,4,1",5,6,7,6,5,2,5,5,True,True,6,4,2,True
8,random172,12121112,"2,2,4,3,2,1,1,2",5,6,5,6,17,2,8,17,True,True,6,3,3,True
8,random173,22222111,"2,2,2,2,2,2,4,1",3,4,7,4,5,2,5,5,True,True,4,2,2,True
8,random173,22222111,"2,2,2,4,3,2,1,1",3,4,6,4,17,2,8,17,True,True,4,1,3,True
8,random173,22222111,"2,2,4,3,2,1,1,2",3,4,8,4,9,0,0,9,True,True,4,3,1,True
8,random174,11112111,"2,2,2,2,2,2,4,1",7,8,7,8,5,2,5,5,True,True,8,6,2,True
8,random174,11112111,"2,2,2,4,3,2,1,1",7,8,6,8,17,2,8,17,True,True,8,5,3,True
8,random174,11112111,"2,2,4,3,2,1,1,2",7,8,8,8,9,0,0,9,True,True,8,7,1,True
8,random175,11221221,"2,2,2,2,2,2,4,1",4,5,7,5,5,2,5,5,True,True,5,3,2,True
8,random177,12122121,"2,2,2,2,2,2,4,1",4,5,7,5,5,2,5,5,True,True,5,3,2,True
8,random177,12122121,"2,2,4,3,2,1,1,2",4,5,4,5,13,1,4,13,True,False,5,2,3,True
8,random178,11222121,"2,2,2,2,2,2,4,1",4,5,7,5,5,2,5,5,True,True,5,3,2,True
8,random178,11222121,"2,2,4,3,2,1,1,2",4,5,4,5,13,1,4,13,True,False,5,2,3,True
8,random179,22212112,"2,2,4,3,2,1,1,2",3,4,4,4,13,1,4,13,True,False,4,1,3,True
8,random180,11211221,"2,2,2,2,2,2,4,1",5,6,7,6,5,2,5,5,True,True,6,4,2,True
8,random181,21212111,"2,2,2,2,2,2,4,1",5,6,7,6,5,2,5,5,True,True,6,4,2,True
8,random181,21212111,"2,2,2,4,3,2,1,1",5,6,6,6,17,2,8,17,True,True,6,3,3,True
8,random181,21212111,"2,2,4,3,2,1,1,2",5,6,8,6,9,0,0,9,True,True,6,5,1,True
8,random182,12112221,"2,2,2,2,2,2,4,1",4,5,7,5,5,2,5,5,True,True,5,3,2,True
8,random183,12211211,"2,2,2,2,2,2,4,1",5,6,7,6,5,2,5,5,True,True,6,4,2,True
8,random183,12211211,"2,2,2,4,3,2,1,1",5,6,5,6,13,1,4,13,True,False,6,3,3,True
8,random183,12211211,"2,2,4,3,2,1,1,2",5,6,5,6,17,2,8,17,True,True,6,3,3,True
8,random185,11111221,"2,2,2,2,2,2,4,1",6,7,7,7,5,2,5,5,True,True,7,5,2,True
8,random186,21221211,"2,2,2,2,2,2,4,1",4,5,7,5,5,2,5,5,True,True,5,3,2,True
8,random186,21221211,"2,2,2,4,3,2,1,1",4,5,5,5,13,1,4,13,True,False,5,2,3,True
8,random186,21221211,"2,2,4,3,2,1,1,2",4,5,5,5,17,2,8,17,True,True,5,2,3,True
8,random187,21121112,"2,2,4,3,2,1,1,2",5,6,5,6,17,2,8,17,True,True,6,3,3,True
8,random189,22122111,"2,2,2,2,2,2,4,1",4,5,7,5,5,2,5,5,True,True,5,3,2,True
8,random189,22122111,"2,2,2,4,3,2,1,1",4,5,6,5,17,2,8,17,True,True,5,2,3,True
8,random189,22122111,"2,2,4,3,2,1,1,2",4,5,8,5,9,0,0,9,True,True,5,4,1,True
8,random190,22221221,"2,2,2,2,2,2,4,1",2,3,7,3,5,2,5,5,True,True,3,1,2,True
8,random191,22122211,"2,2,2,2,2,2,4,1",3,4,7,4,5,2,5,5,True,True,4,2,2,True
8,random191,22122211,"2,2,2,4,3,2,1,1",3,4,5,4,13,1,4,13,True,False,4,1,3,True
8,random191,22122211,"2,2,4,3,2,1,1,2",3,4,4,4,13,1,4,13,True,False,4,1,3,True
8,random192,21211111,"2,2,2,2,2,2,4,1",6,7,7,7,5,2,5,5,True,True,7,5,2,True
8,random192,21211111,"2,2,2,4,3,2,1,1",6,7,6,7,17,2,8,17,True,True,7,4,3,True
8,random192,21211111,"2,2,4,3,2,1,1,2",6,7,8,7,9,0,0,9,True,True,7,6,1,True
8,random193,11111121,"2,2,2,2,2,2,4,1",7,8,7,8,5,2,5,5,True,True,8,6,2,True
8,random193,11111121,"2,2,4,3,2,1,1,2",7,8,5,8,17,2,8,17,True,True,8,5,3,True
8,random194,21111211,"2,2,2,2,2,2,4,1",6,7,7,7,5,2,5,5,True,True,7,5,2,True
8,random194,21111211,"2,2,2,4,3,2,1,1",6,7,5,7,13,1,4,13,True,False,7,4,3,True
8,random194,21111211,"2,2,4,3,2,1,1,2",6,7,5,7,17,2,8,17,True,True,7,4,3,True
8,random196,22122221,"2,2,2,2,2,2,4,1",2,3,7,3,5,2,5,5,True,True,3,1,2,True
8,random197,21121121,"2,2,2,2,2,2,4,1",5,6,7,6,5,2,5,5,True,True,6,4,2,True
8,random197,21121121,"2,2,4,3,2,1,1,2",5,6,5,6,17,2,8,17,True,True,6,3,3,True
8,random198,22211221,"2,2,2,2,2,2,4,1",3,4,7,4,5,2,5,5,True,True,4,2,2,True
8,random199,21112221,"2,2,2,2,2,2,4,1",4,5,7,5,5,2,5,5,True,True,5,3,2,True
