target,p,q,side,phase,n_neither_rows
log2_3,8,5,OVER,0,11
log2_3,8,5,OVER,2,7
log2_3,8,5,OVER,4,4
log2_3,19,12,UNDER,0,39
log2_3,19,12,UNDER,1,12
log2_3,19,12,UNDER,2,31
log2_3,19,12,UNDER,3,4
log2_3,19,12,UNDER,4,23
log2_3,19,12,UNDER,6,16
log2_3,19,12,UNDER,7,35
log2_3,19,12,UNDER,8,8
log2_3,19,12,UNDER,9,27
log2_3,19,12,UNDER,11,20
log2_3,65,41,OVER,0,155
log2_3,65,41,OVER,1,60
log2_3,65,41,OVER,2,127
log2_3,65,41,OVER,3,32
log2_3,65,41,OVER,4,99
log2_3,65,41,OVER,5,4
log2_3,65,41,OVER,6,72
log2_3,65,41,OVER,7,139
log2_3,65,41,OVER,8,44
log2_3,65,41,OVER,9,111
log2_3,65,41,OVER,10,16
log2_3,65,41,OVER,11,84
log2_3,65,41,OVER,12,151
log2_3,65,41,OVER,13,56
log2_3,65,41,OVER,14,123
log2_3,65,41,OVER,15,28
log2_3,65,41,OVER,16,95
log2_3,65,41,OVER,18,68
log2_3,65,41,OVER,19,135
log2_3,65,41,OVER,20,40
log2_3,65,41,OVER,21,107
log2_3,65,41,OVER,22,12
log2_3,65,41,OVER,23,80
log2_3,65,41,OVER,24,147
log2_3,65,41,OVER,25,52
log2_3,65,41,OVER,26,119
log2_3,65,41,OVER,27,24
log2_3,65,41,OVER,28,91
log2_3,65,41,OVER,30,64
log2_3,65,41,OVER,31,131
log2_3,65,41,OVER,32,36
log2_3,65,41,OVER,33,103
log2_3,65,41,OVER,34,8
log2_3,65,41,OVER,35,76
log2_3,65,41,OVER,36,143
log2_3,65,41,OVER,37,48
log2_3,65,41,OVER,38,115
log2_3,65,41,OVER,39,20
log2_3,65,41,OVER,40,88
log2_3,84,53,UNDER,0,203
log2_3,84,53,UNDER,1,80
log2_3,84,53,UNDER,2,167
log2_3,84,53,UNDER,3,44
log2_3,84,53,UNDER,4,131
log2_3,84,53,UNDER,5,8
log2_3,84,53,UNDER,6,96
log2_3,84,53,UNDER,7,183
log2_3,84,53,UNDER,8,60
log2_3,84,53,UNDER,9,147
log2_3,84,53,UNDER,10,24
log2_3,84,53,UNDER,11,112
log2_3,84,53,UNDER,12,199
log2_3,84,53,UNDER,13,76
log2_3,84,53,UNDER,14,163
log2_3,84,53,UNDER,15,40
log2_3,84,53,UNDER,16,127
log2_3,84,53,UNDER,17,4
log2_3,84,53,UNDER,18,92
log2_3,84,53,UNDER,19,179
log2_3,84,53,UNDER,20,56
log2_3,84,53,UNDER,21,143
log2_3,84,53,UNDER,22,20
log2_3,84,53,UNDER,23,108
log2_3,84,53,UNDER,24,195
log2_3,84,53,UNDER,25,72
log2_3,84,53,UNDER,26,159
log2_3,84,53,UNDER,27,36
log2_3,84,53,UNDER,28,123
log2_3,84,53,UNDER,30,88
log2_3,84,53,UNDER,31,175
log2_3,84,53,UNDER,32,52
log2_3,84,53,UNDER,33,139
log2_3,84,53,UNDER,34,16
log2_3,84,53,UNDER,35,104
log2_3,84,53,UNDER,36,191
log2_3,84,53,UNDER,37,68
log2_3,84,53,UNDER,38,155
log2_3,84,53,UNDER,39,32
log2_3,84,53,UNDER,40,119
log2_3,84,53,UNDER,42,84
log2_3,84,53,UNDER,43,171
log2_3,84,53,UNDER,44,48
log2_3,84,53,UNDER,45,135
log2_3,84,53,UNDER,46,12
log2_3,84,53,UNDER,47,100
log2_3,84,53,UNDER,48,187
log2_3,84,53,UNDER,49,64
log2_3,84,53,UNDER,50,151
log2_3,84,53,UNDER,51,28
log2_3,84,53,UNDER,52,116
sqrt2,7,5,UNDER,0,11
sqrt2,7,5,UNDER,1,3
sqrt2,7,5,UNDER,3,7
sqrt2,17,12,OVER,0,39
sqrt2,17,12,OVER,1,19
sqrt2,17,12,OVER,3,27
sqrt2,17,12,OVER,4,8
sqrt2,17,12,OVER,5,35
sqrt2,17,12,OVER,6,15
sqrt2,17,12,OVER,8,23
sqrt2,17,12,OVER,9,4
sqrt2,17,12,OVER,10,31
sqrt2,17,12,OVER,11,12
sqrt2,41,29,UNDER,0,107
sqrt2,41,29,UNDER,1,59
sqrt2,41,29,UNDER,2,12
sqrt2,41,29,UNDER,3,79
sqrt2,41,29,UNDER,4,32
sqrt2,41,29,UNDER,5,99
sqrt2,41,29,UNDER,6,51
sqrt2,41,29,UNDER,7,4
sqrt2,41,29,UNDER,8,71
sqrt2,41,29,UNDER,9,24
sqrt2,41,29,UNDER,10,91
sqrt2,41,29,UNDER,11,43
sqrt2,41,29,UNDER,13,63
sqrt2,41,29,UNDER,14,16
sqrt2,41,29,UNDER,15,83
sqrt2,41,29,UNDER,16,36
sqrt2,41,29,UNDER,17,103
sqrt2,41,29,UNDER,18,55
sqrt2,41,29,UNDER,19,8
sqrt2,41,29,UNDER,20,75
sqrt2,41,29,UNDER,21,28
sqrt2,41,29,UNDER,22,95
sqrt2,41,29,UNDER,23,47
sqrt2,41,29,UNDER,25,67
sqrt2,41,29,UNDER,26,20
sqrt2,41,29,UNDER,27,87
sqrt2,41,29,UNDER,28,40
sqrt3,5,3,UNDER,0,3
sqrt3,7,4,OVER,0,7
sqrt3,7,4,OVER,3,4
sqrt3,19,11,UNDER,0,35
sqrt3,19,11,UNDER,1,4
sqrt3,19,11,UNDER,2,16
sqrt3,19,11,UNDER,3,27
sqrt3,19,11,UNDER,5,8
sqrt3,19,11,UNDER,6,20
sqrt3,19,11,UNDER,7,31
sqrt3,19,11,UNDER,9,12
sqrt3,19,11,UNDER,10,24
sqrt3,26,15,OVER,0,51
sqrt3,26,15,OVER,1,8
sqrt3,26,15,OVER,2,24
sqrt3,26,15,OVER,3,39
sqrt3,26,15,OVER,5,12
sqrt3,26,15,OVER,6,28
sqrt3,26,15,OVER,7,43
sqrt3,26,15,OVER,9,16
sqrt3,26,15,OVER,10,32
sqrt3,26,15,OVER,11,47
sqrt3,26,15,OVER,12,4
sqrt3,26,15,OVER,13,20
sqrt3,26,15,OVER,14,36
sqrt3,71,41,UNDER,0,155
sqrt3,71,41,UNDER,1,36
sqrt3,71,41,UNDER,2,80
sqrt3,71,41,UNDER,3,123
sqrt3,71,41,UNDER,4,4
sqrt3,71,41,UNDER,5,48
sqrt3,71,41,UNDER,6,92
sqrt3,71,41,UNDER,7,135
sqrt3,71,41,UNDER,8,16
sqrt3,71,41,UNDER,9,60
sqrt3,71,41,UNDER,10,104
sqrt3,71,41,UNDER,11,147
sqrt3,71,41,UNDER,12,28
sqrt3,71,41,UNDER,13,72
sqrt3,71,41,UNDER,14,115
sqrt3,71,41,UNDER,16,40
sqrt3,71,41,UNDER,17,84
sqrt3,71,41,UNDER,18,127
sqrt3,71,41,UNDER,19,8
sqrt3,71,41,UNDER,20,52
sqrt3,71,41,UNDER,21,96
sqrt3,71,41,UNDER,22,139
sqrt3,71,41,UNDER,23,20
sqrt3,71,41,UNDER,24,64
sqrt3,71,41,UNDER,25,108
sqrt3,71,41,UNDER,26,151
sqrt3,71,41,UNDER,27,32
sqrt3,71,41,UNDER,28,76
sqrt3,71,41,UNDER,29,119
sqrt3,71,41,UNDER,31,44
sqrt3,71,41,UNDER,32,88
sqrt3,71,41,UNDER,33,131
sqrt3,71,41,UNDER,34,12
sqrt3,71,41,UNDER,35,56
sqrt3,71,41,UNDER,36,100
sqrt3,71,41,UNDER,37,143
sqrt3,71,41,UNDER,38,24
sqrt3,71,41,UNDER,39,68
sqrt3,71,41,UNDER,40,112
sqrt3,97,56,OVER,0,215
sqrt3,97,56,OVER,1,52
sqrt3,97,56,OVER,2,112
sqrt3,97,56,OVER,3,171
sqrt3,97,56,OVER,4,8
sqrt3,97,56,OVER,5,68
sqrt3,97,56,OVER,6,128
sqrt3,97,56,OVER,7,187
sqrt3,97,56,OVER,8,24
sqrt3,97,56,OVER,9,84
sqrt3,97,56,OVER,10,144
sqrt3,97,56,OVER,11,203
sqrt3,97,56,OVER,12,40
sqrt3,97,56,OVER,13,100
sqrt3,97,56,OVER,14,159
sqrt3,97,56,OVER,16,56
sqrt3,97,56,OVER,17,116
sqrt3,97,56,OVER,18,175
sqrt3,97,56,OVER,19,12
sqrt3,97,56,OVER,20,72
sqrt3,97,56,OVER,21,132
sqrt3,97,56,OVER,22,191
sqrt3,97,56,OVER,23,28
sqrt3,97,56,OVER,24,88
sqrt3,97,56,OVER,25,148
sqrt3,97,56,OVER,26,207
sqrt3,97,56,OVER,27,44
sqrt3,97,56,OVER,28,104
sqrt3,97,56,OVER,29,163
sqrt3,97,56,OVER,31,60
sqrt3,97,56,OVER,32,120
sqrt3,97,56,OVER,33,179
sqrt3,97,56,OVER,34,16
sqrt3,97,56,OVER,35,76
sqrt3,97,56,OVER,36,136
sqrt3,97,56,OVER,37,195
sqrt3,97,56,OVER,38,32
sqrt3,97,56,OVER,39,92
sqrt3,97,56,OVER,40,152
sqrt3,97,56,OVER,41,211
sqrt3,97,56,OVER,42,48
sqrt3,97,56,OVER,43,108
sqrt3,97,56,OVER,44,167
sqrt3,97,56,OVER,45,4
sqrt3,97,56,OVER,46,64
sqrt3,97,56,OVER,47,124
sqrt3,97,56,OVER,48,183
sqrt3,97,56,OVER,49,20
sqrt3,97,56,OVER,50,80
sqrt3,97,56,OVER,51,140
sqrt3,97,56,OVER,52,199
sqrt3,97,56,OVER,53,36
sqrt3,97,56,OVER,54,96
sqrt3,97,56,OVER,55,156
golden,5,3,OVER,0,3
golden,8,5,UNDER,0,11
golden,8,5,UNDER,2,7
golden,8,5,UNDER,4,4
golden,13,8,OVER,0,23
golden,13,8,OVER,1,4
golden,13,8,OVER,2,15
golden,13,8,OVER,4,8
golden,13,8,OVER,5,19
golden,13,8,OVER,7,12
golden,21,13,UNDER,0,43
golden,21,13,UNDER,1,12
golden,21,13,UNDER,2,31
golden,21,13,UNDER,4,20
golden,21,13,UNDER,5,39
golden,21,13,UNDER,6,8
golden,21,13,UNDER,7,27
golden,21,13,UNDER,9,16
golden,21,13,UNDER,10,35
golden,21,13,UNDER,11,4
golden,21,13,UNDER,12,24
golden,34,21,OVER,0,75
golden,34,21,OVER,1,24
golden,34,21,OVER,2,55
golden,34,21,OVER,3,4
golden,34,21,OVER,4,36
golden,34,21,OVER,5,67
golden,34,21,OVER,6,16
golden,34,21,OVER,7,47
golden,34,21,OVER,9,28
golden,34,21,OVER,10,59
golden,34,21,OVER,11,8
golden,34,21,OVER,12,40
golden,34,21,OVER,13,71
golden,34,21,OVER,14,20
golden,34,21,OVER,15,51
golden,34,21,OVER,17,32
golden,34,21,OVER,18,63
golden,34,21,OVER,19,12
golden,34,21,OVER,20,44
golden,55,34,UNDER,0,127
golden,55,34,UNDER,1,44
golden,55,34,UNDER,2,95
golden,55,34,UNDER,3,12
golden,55,34,UNDER,4,64
golden,55,34,UNDER,5,115
golden,55,34,UNDER,6,32
golden,55,34,UNDER,7,83
golden,55,34,UNDER,9,52
golden,55,34,UNDER,10,103
golden,55,34,UNDER,11,20
golden,55,34,UNDER,12,72
golden,55,34,UNDER,13,123
golden,55,34,UNDER,14,40
golden,55,34,UNDER,15,91
golden,55,34,UNDER,16,8
golden,55,34,UNDER,17,60
golden,55,34,UNDER,18,111
golden,55,34,UNDER,19,28
golden,55,34,UNDER,20,79
golden,55,34,UNDER,22,48
golden,55,34,UNDER,23,99
golden,55,34,UNDER,24,16
golden,55,34,UNDER,25,68
golden,55,34,UNDER,26,119
golden,55,34,UNDER,27,36
golden,55,34,UNDER,28,87
golden,55,34,UNDER,29,4
golden,55,34,UNDER,30,56
golden,55,34,UNDER,31,107
golden,55,34,UNDER,32,24
golden,55,34,UNDER,33,76
golden,89,55,OVER,0,211
golden,89,55,OVER,1,76
golden,89,55,OVER,2,159
golden,89,55,OVER,3,24
golden,89,55,OVER,4,108
golden,89,55,OVER,5,191
golden,89,55,OVER,6,56
golden,89,55,OVER,7,139
golden,89,55,OVER,8,4
golden,89,55,OVER,9,88
golden,89,55,OVER,10,171
golden,89,55,OVER,11,36
golden,89,55,OVER,12,120
golden,89,55,OVER,13,203
golden,89,55,OVER,14,68
golden,89,55,OVER,15,151
golden,89,55,OVER,16,16
golden,89,55,OVER,17,100
golden,89,55,OVER,18,183
golden,89,55,OVER,19,48
golden,89,55,OVER,20,131
golden,89,55,OVER,22,80
golden,89,55,OVER,23,163
golden,89,55,OVER,24,28
golden,89,55,OVER,25,112
golden,89,55,OVER,26,195
golden,89,55,OVER,27,60
golden,89,55,OVER,28,143
golden,89,55,OVER,29,8
golden,89,55,OVER,30,92
golden,89,55,OVER,31,175
golden,89,55,OVER,32,40
golden,89,55,OVER,33,124
golden,89,55,OVER,34,207
golden,89,55,OVER,35,72
golden,89,55,OVER,36,155
golden,89,55,OVER,37,20
golden,89,55,OVER,38,104
golden,89,55,OVER,39,187
golden,89,55,OVER,40,52
golden,89,55,OVER,41,135
golden,89,55,OVER,43,84
golden,89,55,OVER,44,167
golden,89,55,OVER,45,32
golden,89,55,OVER,46,116
golden,89,55,OVER,47,199
golden,89,55,OVER,48,64
golden,89,55,OVER,49,147
golden,89,55,OVER,50,12
golden,89,55,OVER,51,96
golden,89,55,OVER,52,179
golden,89,55,OVER,53,44
golden,89,55,OVER,54,128
random0_sqrt(57/42),7,6,OVER,0,16
random0_sqrt(57/42),7,6,OVER,1,12
random0_sqrt(57/42),7,6,OVER,2,8
random0_sqrt(57/42),7,6,OVER,3,4
random1_sqrt(8/3),5,3,OVER,0,3
random1_sqrt(8/3),13,8,UNDER,0,23
random1_sqrt(8/3),13,8,UNDER,1,4
random1_sqrt(8/3),13,8,UNDER,2,15
random1_sqrt(8/3),13,8,UNDER,4,8
random1_sqrt(8/3),13,8,UNDER,5,19
random1_sqrt(8/3),13,8,UNDER,7,12
random1_sqrt(8/3),18,11,OVER,0,35
random1_sqrt(8/3),18,11,OVER,1,8
random1_sqrt(8/3),18,11,OVER,2,23
random1_sqrt(8/3),18,11,OVER,4,12
random1_sqrt(8/3),18,11,OVER,5,27
random1_sqrt(8/3),18,11,OVER,7,16
random1_sqrt(8/3),18,11,OVER,8,31
random1_sqrt(8/3),18,11,OVER,9,4
random1_sqrt(8/3),18,11,OVER,10,20
random1_sqrt(8/3),31,19,UNDER,0,67
random1_sqrt(8/3),31,19,UNDER,1,20
random1_sqrt(8/3),31,19,UNDER,2,47
random1_sqrt(8/3),31,19,UNDER,4,28
random1_sqrt(8/3),31,19,UNDER,5,55
random1_sqrt(8/3),31,19,UNDER,6,8
random1_sqrt(8/3),31,19,UNDER,7,36
random1_sqrt(8/3),31,19,UNDER,8,63
random1_sqrt(8/3),31,19,UNDER,9,16
random1_sqrt(8/3),31,19,UNDER,10,43
random1_sqrt(8/3),31,19,UNDER,12,24
random1_sqrt(8/3),31,19,UNDER,13,51
random1_sqrt(8/3),31,19,UNDER,14,4
random1_sqrt(8/3),31,19,UNDER,15,32
random1_sqrt(8/3),31,19,UNDER,16,59
random1_sqrt(8/3),31,19,UNDER,17,12
random1_sqrt(8/3),31,19,UNDER,18,40
random1_sqrt(8/3),49,30,OVER,0,111
random1_sqrt(8/3),49,30,OVER,1,36
random1_sqrt(8/3),49,30,OVER,2,79
random1_sqrt(8/3),49,30,OVER,3,4
random1_sqrt(8/3),49,30,OVER,4,48
random1_sqrt(8/3),49,30,OVER,5,91
random1_sqrt(8/3),49,30,OVER,6,16
random1_sqrt(8/3),49,30,OVER,7,60
random1_sqrt(8/3),49,30,OVER,8,103
random1_sqrt(8/3),49,30,OVER,9,28
random1_sqrt(8/3),49,30,OVER,10,71
random1_sqrt(8/3),49,30,OVER,12,40
random1_sqrt(8/3),49,30,OVER,13,83
random1_sqrt(8/3),49,30,OVER,14,8
random1_sqrt(8/3),49,30,OVER,15,52
random1_sqrt(8/3),49,30,OVER,16,95
random1_sqrt(8/3),49,30,OVER,17,20
random1_sqrt(8/3),49,30,OVER,18,64
random1_sqrt(8/3),49,30,OVER,19,107
random1_sqrt(8/3),49,30,OVER,20,32
random1_sqrt(8/3),49,30,OVER,21,75
random1_sqrt(8/3),49,30,OVER,23,44
random1_sqrt(8/3),49,30,OVER,24,87
random1_sqrt(8/3),49,30,OVER,25,12
random1_sqrt(8/3),49,30,OVER,26,56
random1_sqrt(8/3),49,30,OVER,27,99
random1_sqrt(8/3),49,30,OVER,28,24
random1_sqrt(8/3),49,30,OVER,29,68
random2_sqrt(32/17),4,3,UNDER,0,4
random2_sqrt(32/17),11,8,OVER,0,23
random2_sqrt(32/17),11,8,OVER,1,11
random2_sqrt(32/17),11,8,OVER,3,19
random2_sqrt(32/17),11,8,OVER,4,7
random2_sqrt(32/17),11,8,OVER,6,15
random2_sqrt(32/17),11,8,OVER,7,4
random2_sqrt(32/17),48,35,UNDER,0,131
random2_sqrt(32/17),48,35,UNDER,1,79
random2_sqrt(32/17),48,35,UNDER,2,28
random2_sqrt(32/17),48,35,UNDER,3,115
random2_sqrt(32/17),48,35,UNDER,4,63
random2_sqrt(32/17),48,35,UNDER,5,12
random2_sqrt(32/17),48,35,UNDER,6,99
random2_sqrt(32/17),48,35,UNDER,7,47
random2_sqrt(32/17),48,35,UNDER,9,83
random2_sqrt(32/17),48,35,UNDER,10,32
random2_sqrt(32/17),48,35,UNDER,11,119
random2_sqrt(32/17),48,35,UNDER,12,67
random2_sqrt(32/17),48,35,UNDER,13,16
random2_sqrt(32/17),48,35,UNDER,14,103
random2_sqrt(32/17),48,35,UNDER,15,51
random2_sqrt(32/17),48,35,UNDER,17,87
random2_sqrt(32/17),48,35,UNDER,18,36
random2_sqrt(32/17),48,35,UNDER,19,123
random2_sqrt(32/17),48,35,UNDER,20,71
random2_sqrt(32/17),48,35,UNDER,21,20
random2_sqrt(32/17),48,35,UNDER,22,107
random2_sqrt(32/17),48,35,UNDER,23,55
random2_sqrt(32/17),48,35,UNDER,24,4
random2_sqrt(32/17),48,35,UNDER,25,91
random2_sqrt(32/17),48,35,UNDER,26,40
random2_sqrt(32/17),48,35,UNDER,27,127
random2_sqrt(32/17),48,35,UNDER,28,75
random2_sqrt(32/17),48,35,UNDER,29,24
random2_sqrt(32/17),48,35,UNDER,30,111
random2_sqrt(32/17),48,35,UNDER,31,59
random2_sqrt(32/17),48,35,UNDER,32,8
random2_sqrt(32/17),48,35,UNDER,33,95
random2_sqrt(32/17),48,35,UNDER,34,44
random2_sqrt(32/17),59,43,OVER,0,163
random2_sqrt(32/17),59,43,OVER,1,99
random2_sqrt(32/17),59,43,OVER,2,36
random2_sqrt(32/17),59,43,OVER,3,143
random2_sqrt(32/17),59,43,OVER,4,79
random2_sqrt(32/17),59,43,OVER,5,16
random2_sqrt(32/17),59,43,OVER,6,123
random2_sqrt(32/17),59,43,OVER,7,59
random2_sqrt(32/17),59,43,OVER,9,103
random2_sqrt(32/17),59,43,OVER,10,40
random2_sqrt(32/17),59,43,OVER,11,147
random2_sqrt(32/17),59,43,OVER,12,83
random2_sqrt(32/17),59,43,OVER,13,20
random2_sqrt(32/17),59,43,OVER,14,127
random2_sqrt(32/17),59,43,OVER,15,63
random2_sqrt(32/17),59,43,OVER,17,107
random2_sqrt(32/17),59,43,OVER,18,44
random2_sqrt(32/17),59,43,OVER,19,151
random2_sqrt(32/17),59,43,OVER,20,87
random2_sqrt(32/17),59,43,OVER,21,24
random2_sqrt(32/17),59,43,OVER,22,131
random2_sqrt(32/17),59,43,OVER,23,67
random2_sqrt(32/17),59,43,OVER,24,4
random2_sqrt(32/17),59,43,OVER,25,111
random2_sqrt(32/17),59,43,OVER,26,48
random2_sqrt(32/17),59,43,OVER,27,155
random2_sqrt(32/17),59,43,OVER,28,91
random2_sqrt(32/17),59,43,OVER,29,28
random2_sqrt(32/17),59,43,OVER,30,135
random2_sqrt(32/17),59,43,OVER,31,71
random2_sqrt(32/17),59,43,OVER,32,8
random2_sqrt(32/17),59,43,OVER,33,115
random2_sqrt(32/17),59,43,OVER,34,52
random2_sqrt(32/17),59,43,OVER,35,159
random2_sqrt(32/17),59,43,OVER,36,95
random2_sqrt(32/17),59,43,OVER,37,32
random2_sqrt(32/17),59,43,OVER,38,139
random2_sqrt(32/17),59,43,OVER,39,75
random2_sqrt(32/17),59,43,OVER,40,12
random2_sqrt(32/17),59,43,OVER,41,119
random2_sqrt(32/17),59,43,OVER,42,56
random3_sqrt(34/10),11,6,UNDER,0,15
random3_sqrt(34/10),11,6,UNDER,3,4
random3_sqrt(34/10),11,6,UNDER,4,8
random3_sqrt(34/10),11,6,UNDER,5,12
random3_sqrt(34/10),24,13,OVER,0,43
random3_sqrt(34/10),24,13,OVER,2,8
random3_sqrt(34/10),24,13,OVER,3,16
random3_sqrt(34/10),24,13,OVER,4,24
random3_sqrt(34/10),24,13,OVER,5,32
random3_sqrt(34/10),24,13,OVER,6,39
random3_sqrt(34/10),24,13,OVER,8,4
random3_sqrt(34/10),24,13,OVER,9,12
random3_sqrt(34/10),24,13,OVER,10,20
random3_sqrt(34/10),24,13,OVER,11,28
random3_sqrt(34/10),24,13,OVER,12,36
random3_sqrt(34/10),59,32,UNDER,0,119
random3_sqrt(34/10),59,32,UNDER,1,12
random3_sqrt(34/10),59,32,UNDER,2,32
random3_sqrt(34/10),59,32,UNDER,3,52
random3_sqrt(34/10),59,32,UNDER,4,72
random3_sqrt(34/10),59,32,UNDER,5,92
random3_sqrt(34/10),59,32,UNDER,6,111
random3_sqrt(34/10),59,32,UNDER,7,4
random3_sqrt(34/10),59,32,UNDER,8,24
random3_sqrt(34/10),59,32,UNDER,9,44
random3_sqrt(34/10),59,32,UNDER,10,64
random3_sqrt(34/10),59,32,UNDER,11,84
random3_sqrt(34/10),59,32,UNDER,12,103
random3_sqrt(34/10),59,32,UNDER,14,16
random3_sqrt(34/10),59,32,UNDER,15,36
random3_sqrt(34/10),59,32,UNDER,16,56
random3_sqrt(34/10),59,32,UNDER,17,76
random3_sqrt(34/10),59,32,UNDER,18,96
random3_sqrt(34/10),59,32,UNDER,19,115
random3_sqrt(34/10),59,32,UNDER,20,8
random3_sqrt(34/10),59,32,UNDER,21,28
random3_sqrt(34/10),59,32,UNDER,22,48
random3_sqrt(34/10),59,32,UNDER,23,68
random3_sqrt(34/10),59,32,UNDER,24,88
random3_sqrt(34/10),59,32,UNDER,25,107
random3_sqrt(34/10),59,32,UNDER,27,20
random3_sqrt(34/10),59,32,UNDER,28,40
random3_sqrt(34/10),59,32,UNDER,29,60
random3_sqrt(34/10),59,32,UNDER,30,80
random3_sqrt(34/10),59,32,UNDER,31,100
random4_sqrt(30/8),29,15,UNDER,0,51
random4_sqrt(30/8),29,15,UNDER,3,4
random4_sqrt(30/8),29,15,UNDER,4,8
random4_sqrt(30/8),29,15,UNDER,5,12
random4_sqrt(30/8),29,15,UNDER,6,16
random4_sqrt(30/8),29,15,UNDER,7,20
random4_sqrt(30/8),29,15,UNDER,8,24
random4_sqrt(30/8),29,15,UNDER,9,28
random4_sqrt(30/8),29,15,UNDER,10,32
random4_sqrt(30/8),29,15,UNDER,11,36
random4_sqrt(30/8),29,15,UNDER,12,40
random4_sqrt(30/8),29,15,UNDER,13,44
random4_sqrt(30/8),29,15,UNDER,14,48
random4_sqrt(30/8),31,16,OVER,0,55
random4_sqrt(30/8),31,16,OVER,3,4
random4_sqrt(30/8),31,16,OVER,4,8
random4_sqrt(30/8),31,16,OVER,5,12
random4_sqrt(30/8),31,16,OVER,6,16
random4_sqrt(30/8),31,16,OVER,7,20
random4_sqrt(30/8),31,16,OVER,8,24
random4_sqrt(30/8),31,16,OVER,9,28
random4_sqrt(30/8),31,16,OVER,10,32
random4_sqrt(30/8),31,16,OVER,11,36
random4_sqrt(30/8),31,16,OVER,12,40
random4_sqrt(30/8),31,16,OVER,13,44
random4_sqrt(30/8),31,16,OVER,14,48
random4_sqrt(30/8),31,16,OVER,15,52
random4_sqrt(30/8),91,47,UNDER,0,179
random4_sqrt(30/8),91,47,UNDER,1,4
random4_sqrt(30/8),91,47,UNDER,2,16
random4_sqrt(30/8),91,47,UNDER,3,28
random4_sqrt(30/8),91,47,UNDER,4,40
random4_sqrt(30/8),91,47,UNDER,5,52
random4_sqrt(30/8),91,47,UNDER,6,64
random4_sqrt(30/8),91,47,UNDER,7,76
random4_sqrt(30/8),91,47,UNDER,8,88
random4_sqrt(30/8),91,47,UNDER,9,100
random4_sqrt(30/8),91,47,UNDER,10,112
random4_sqrt(30/8),91,47,UNDER,11,124
random4_sqrt(30/8),91,47,UNDER,12,136
random4_sqrt(30/8),91,47,UNDER,13,148
random4_sqrt(30/8),91,47,UNDER,14,160
random4_sqrt(30/8),91,47,UNDER,15,171
random4_sqrt(30/8),91,47,UNDER,17,8
random4_sqrt(30/8),91,47,UNDER,18,20
random4_sqrt(30/8),91,47,UNDER,19,32
random4_sqrt(30/8),91,47,UNDER,20,44
random4_sqrt(30/8),91,47,UNDER,21,56
random4_sqrt(30/8),91,47,UNDER,22,68
random4_sqrt(30/8),91,47,UNDER,23,80
random4_sqrt(30/8),91,47,UNDER,24,92
random4_sqrt(30/8),91,47,UNDER,25,104
random4_sqrt(30/8),91,47,UNDER,26,116
random4_sqrt(30/8),91,47,UNDER,27,128
random4_sqrt(30/8),91,47,UNDER,28,140
random4_sqrt(30/8),91,47,UNDER,29,152
random4_sqrt(30/8),91,47,UNDER,30,164
random4_sqrt(30/8),91,47,UNDER,31,175
random4_sqrt(30/8),91,47,UNDER,33,12
random4_sqrt(30/8),91,47,UNDER,34,24
random4_sqrt(30/8),91,47,UNDER,35,36
random4_sqrt(30/8),91,47,UNDER,36,48
random4_sqrt(30/8),91,47,UNDER,37,60
random4_sqrt(30/8),91,47,UNDER,38,72
random4_sqrt(30/8),91,47,UNDER,39,84
random4_sqrt(30/8),91,47,UNDER,40,96
random4_sqrt(30/8),91,47,UNDER,41,108
random4_sqrt(30/8),91,47,UNDER,42,120
random4_sqrt(30/8),91,47,UNDER,43,132
random4_sqrt(30/8),91,47,UNDER,44,144
random4_sqrt(30/8),91,47,UNDER,45,156
random4_sqrt(30/8),91,47,UNDER,46,168
random5_sqrt(189/49),53,27,UNDER,0,99
random5_sqrt(189/49),53,27,UNDER,3,4
random5_sqrt(189/49),53,27,UNDER,4,8
random5_sqrt(189/49),53,27,UNDER,5,12
random5_sqrt(189/49),53,27,UNDER,6,16
random5_sqrt(189/49),53,27,UNDER,7,20
random5_sqrt(189/49),53,27,UNDER,8,24
random5_sqrt(189/49),53,27,UNDER,9,28
random5_sqrt(189/49),53,27,UNDER,10,32
random5_sqrt(189/49),53,27,UNDER,11,36
random5_sqrt(189/49),53,27,UNDER,12,40
random5_sqrt(189/49),53,27,UNDER,13,44
random5_sqrt(189/49),53,27,UNDER,14,48
random5_sqrt(189/49),53,27,UNDER,15,52
random5_sqrt(189/49),53,27,UNDER,16,56
random5_sqrt(189/49),53,27,UNDER,17,60
random5_sqrt(189/49),53,27,UNDER,18,64
random5_sqrt(189/49),53,27,UNDER,19,68
random5_sqrt(189/49),53,27,UNDER,20,72
random5_sqrt(189/49),53,27,UNDER,21,76
random5_sqrt(189/49),53,27,UNDER,22,80
random5_sqrt(189/49),53,27,UNDER,23,84
random5_sqrt(189/49),53,27,UNDER,24,88
random5_sqrt(189/49),53,27,UNDER,25,92
random5_sqrt(189/49),53,27,UNDER,26,96
random5_sqrt(189/49),55,28,OVER,0,103
random5_sqrt(189/49),55,28,OVER,3,4
random5_sqrt(189/49),55,28,OVER,4,8
random5_sqrt(189/49),55,28,OVER,5,12
random5_sqrt(189/49),55,28,OVER,6,16
random5_sqrt(189/49),55,28,OVER,7,20
random5_sqrt(189/49),55,28,OVER,8,24
random5_sqrt(189/49),55,28,OVER,9,28
random5_sqrt(189/49),55,28,OVER,10,32
random5_sqrt(189/49),55,28,OVER,11,36
random5_sqrt(189/49),55,28,OVER,12,40
random5_sqrt(189/49),55,28,OVER,13,44
random5_sqrt(189/49),55,28,OVER,14,48
random5_sqrt(189/49),55,28,OVER,15,52
random5_sqrt(189/49),55,28,OVER,16,56
random5_sqrt(189/49),55,28,OVER,17,60
random5_sqrt(189/49),55,28,OVER,18,64
random5_sqrt(189/49),55,28,OVER,19,68
random5_sqrt(189/49),55,28,OVER,20,72
random5_sqrt(189/49),55,28,OVER,21,76
random5_sqrt(189/49),55,28,OVER,22,80
random5_sqrt(189/49),55,28,OVER,23,84
random5_sqrt(189/49),55,28,OVER,24,88
random5_sqrt(189/49),55,28,OVER,25,92
random5_sqrt(189/49),55,28,OVER,26,96
random5_sqrt(189/49),55,28,OVER,27,100
random6_sqrt(26/7),25,13,UNDER,0,43
random6_sqrt(26/7),25,13,UNDER,3,4
random6_sqrt(26/7),25,13,UNDER,4,8
random6_sqrt(26/7),25,13,UNDER,5,12
random6_sqrt(26/7),25,13,UNDER,6,16
random6_sqrt(26/7),25,13,UNDER,7,20
random6_sqrt(26/7),25,13,UNDER,8,24
random6_sqrt(26/7),25,13,UNDER,9,28
random6_sqrt(26/7),25,13,UNDER,10,32
random6_sqrt(26/7),25,13,UNDER,11,36
random6_sqrt(26/7),25,13,UNDER,12,40
random6_sqrt(26/7),27,14,OVER,0,47
random6_sqrt(26/7),27,14,OVER,3,4
random6_sqrt(26/7),27,14,OVER,4,8
random6_sqrt(26/7),27,14,OVER,5,12
random6_sqrt(26/7),27,14,OVER,6,16
random6_sqrt(26/7),27,14,OVER,7,20
random6_sqrt(26/7),27,14,OVER,8,24
random6_sqrt(26/7),27,14,OVER,9,28
random6_sqrt(26/7),27,14,OVER,10,32
random6_sqrt(26/7),27,14,OVER,11,36
random6_sqrt(26/7),27,14,OVER,12,40
random6_sqrt(26/7),27,14,OVER,13,44
random6_sqrt(26/7),79,41,UNDER,0,155
random6_sqrt(26/7),79,41,UNDER,1,4
random6_sqrt(26/7),79,41,UNDER,2,16
random6_sqrt(26/7),79,41,UNDER,3,28
random6_sqrt(26/7),79,41,UNDER,4,40
random6_sqrt(26/7),79,41,UNDER,5,52
random6_sqrt(26/7),79,41,UNDER,6,64
random6_sqrt(26/7),79,41,UNDER,7,76
random6_sqrt(26/7),79,41,UNDER,8,88
random6_sqrt(26/7),79,41,UNDER,9,100
random6_sqrt(26/7),79,41,UNDER,10,112
random6_sqrt(26/7),79,41,UNDER,11,124
random6_sqrt(26/7),79,41,UNDER,12,136
random6_sqrt(26/7),79,41,UNDER,13,147
random6_sqrt(26/7),79,41,UNDER,15,8
random6_sqrt(26/7),79,41,UNDER,16,20
random6_sqrt(26/7),79,41,UNDER,17,32
random6_sqrt(26/7),79,41,UNDER,18,44
random6_sqrt(26/7),79,41,UNDER,19,56
random6_sqrt(26/7),79,41,UNDER,20,68
random6_sqrt(26/7),79,41,UNDER,21,80
random6_sqrt(26/7),79,41,UNDER,22,92
random6_sqrt(26/7),79,41,UNDER,23,104
random6_sqrt(26/7),79,41,UNDER,24,116
random6_sqrt(26/7),79,41,UNDER,25,128
random6_sqrt(26/7),79,41,UNDER,26,140
random6_sqrt(26/7),79,41,UNDER,27,151
random6_sqrt(26/7),79,41,UNDER,29,12
random6_sqrt(26/7),79,41,UNDER,30,24
random6_sqrt(26/7),79,41,UNDER,31,36
random6_sqrt(26/7),79,41,UNDER,32,48
random6_sqrt(26/7),79,41,UNDER,33,60
random6_sqrt(26/7),79,41,UNDER,34,72
random6_sqrt(26/7),79,41,UNDER,35,84
random6_sqrt(26/7),79,41,UNDER,36,96
random6_sqrt(26/7),79,41,UNDER,37,108
random6_sqrt(26/7),79,41,UNDER,38,120
random6_sqrt(26/7),79,41,UNDER,39,132
random6_sqrt(26/7),79,41,UNDER,40,144
random6_sqrt(26/7),106,55,OVER,0,211
random6_sqrt(26/7),106,55,OVER,1,8
random6_sqrt(26/7),106,55,OVER,2,24
random6_sqrt(26/7),106,55,OVER,3,40
random6_sqrt(26/7),106,55,OVER,4,56
random6_sqrt(26/7),106,55,OVER,5,72
random6_sqrt(26/7),106,55,OVER,6,88
random6_sqrt(26/7),106,55,OVER,7,104
random6_sqrt(26/7),106,55,OVER,8,120
random6_sqrt(26/7),106,55,OVER,9,136
random6_sqrt(26/7),106,55,OVER,10,152
random6_sqrt(26/7),106,55,OVER,11,168
random6_sqrt(26/7),106,55,OVER,12,184
random6_sqrt(26/7),106,55,OVER,13,199
random6_sqrt(26/7),106,55,OVER,15,12
random6_sqrt(26/7),106,55,OVER,16,28
random6_sqrt(26/7),106,55,OVER,17,44
random6_sqrt(26/7),106,55,OVER,18,60
random6_sqrt(26/7),106,55,OVER,19,76
random6_sqrt(26/7),106,55,OVER,20,92
random6_sqrt(26/7),106,55,OVER,21,108
random6_sqrt(26/7),106,55,OVER,22,124
random6_sqrt(26/7),106,55,OVER,23,140
random6_sqrt(26/7),106,55,OVER,24,156
random6_sqrt(26/7),106,55,OVER,25,172
random6_sqrt(26/7),106,55,OVER,26,188
random6_sqrt(26/7),106,55,OVER,27,203
random6_sqrt(26/7),106,55,OVER,29,16
random6_sqrt(26/7),106,55,OVER,30,32
random6_sqrt(26/7),106,55,OVER,31,48
random6_sqrt(26/7),106,55,OVER,32,64
random6_sqrt(26/7),106,55,OVER,33,80
random6_sqrt(26/7),106,55,OVER,34,96
random6_sqrt(26/7),106,55,OVER,35,112
random6_sqrt(26/7),106,55,OVER,36,128
random6_sqrt(26/7),106,55,OVER,37,144
random6_sqrt(26/7),106,55,OVER,38,160
random6_sqrt(26/7),106,55,OVER,39,176
random6_sqrt(26/7),106,55,OVER,40,192
random6_sqrt(26/7),106,55,OVER,41,207
random6_sqrt(26/7),106,55,OVER,42,4
random6_sqrt(26/7),106,55,OVER,43,20
random6_sqrt(26/7),106,55,OVER,44,36
random6_sqrt(26/7),106,55,OVER,45,52
random6_sqrt(26/7),106,55,OVER,46,68
random6_sqrt(26/7),106,55,OVER,47,84
random6_sqrt(26/7),106,55,OVER,48,100
random6_sqrt(26/7),106,55,OVER,49,116
random6_sqrt(26/7),106,55,OVER,50,132
random6_sqrt(26/7),106,55,OVER,51,148
random6_sqrt(26/7),106,55,OVER,52,164
random6_sqrt(26/7),106,55,OVER,53,180
random6_sqrt(26/7),106,55,OVER,54,196
random7_sqrt(34/29),13,12,OVER,0,40
random7_sqrt(34/29),13,12,OVER,1,36
random7_sqrt(34/29),13,12,OVER,2,32
random7_sqrt(34/29),13,12,OVER,3,28
random7_sqrt(34/29),13,12,OVER,4,24
random7_sqrt(34/29),13,12,OVER,5,20
random7_sqrt(34/29),13,12,OVER,6,16
random7_sqrt(34/29),13,12,OVER,7,12
random7_sqrt(34/29),13,12,OVER,8,8
random7_sqrt(34/29),13,12,OVER,9,4
random8_sqrt(5/3),4,3,OVER,0,4
random8_sqrt(5/3),9,7,UNDER,0,19
random8_sqrt(5/3),9,7,UNDER,1,11
random8_sqrt(5/3),9,7,UNDER,2,3
random8_sqrt(5/3),9,7,UNDER,4,15
random8_sqrt(5/3),9,7,UNDER,5,7
random8_sqrt(5/3),31,24,OVER,0,87
random8_sqrt(5/3),31,24,OVER,1,59
random8_sqrt(5/3),31,24,OVER,2,31
random8_sqrt(5/3),31,24,OVER,3,4
random8_sqrt(5/3),31,24,OVER,4,71
random8_sqrt(5/3),31,24,OVER,5,43
random8_sqrt(5/3),31,24,OVER,6,16
random8_sqrt(5/3),31,24,OVER,7,83
random8_sqrt(5/3),31,24,OVER,8,55
random8_sqrt(5/3),31,24,OVER,9,27
random8_sqrt(5/3),31,24,OVER,11,67
random8_sqrt(5/3),31,24,OVER,12,39
random8_sqrt(5/3),31,24,OVER,13,12
random8_sqrt(5/3),31,24,OVER,14,79
random8_sqrt(5/3),31,24,OVER,15,51
random8_sqrt(5/3),31,24,OVER,16,23
random8_sqrt(5/3),31,24,OVER,18,63
random8_sqrt(5/3),31,24,OVER,19,35
random8_sqrt(5/3),31,24,OVER,20,8
random8_sqrt(5/3),31,24,OVER,21,75
random8_sqrt(5/3),31,24,OVER,22,47
random8_sqrt(5/3),31,24,OVER,23,20
random8_sqrt(5/3),71,55,UNDER,0,211
random8_sqrt(5/3),71,55,UNDER,1,147
random8_sqrt(5/3),71,55,UNDER,2,83
random8_sqrt(5/3),71,55,UNDER,3,20
random8_sqrt(5/3),71,55,UNDER,4,175
random8_sqrt(5/3),71,55,UNDER,5,111
random8_sqrt(5/3),71,55,UNDER,6,48
random8_sqrt(5/3),71,55,UNDER,7,203
random8_sqrt(5/3),71,55,UNDER,8,139
random8_sqrt(5/3),71,55,UNDER,9,75
random8_sqrt(5/3),71,55,UNDER,10,12
random8_sqrt(5/3),71,55,UNDER,11,167
random8_sqrt(5/3),71,55,UNDER,12,103
random8_sqrt(5/3),71,55,UNDER,13,40
random8_sqrt(5/3),71,55,UNDER,14,195
random8_sqrt(5/3),71,55,UNDER,15,131
random8_sqrt(5/3),71,55,UNDER,16,67
random8_sqrt(5/3),71,55,UNDER,17,4
random8_sqrt(5/3),71,55,UNDER,18,159
random8_sqrt(5/3),71,55,UNDER,19,95
random8_sqrt(5/3),71,55,UNDER,20,32
random8_sqrt(5/3),71,55,UNDER,21,187
random8_sqrt(5/3),71,55,UNDER,22,123
random8_sqrt(5/3),71,55,UNDER,23,59
random8_sqrt(5/3),71,55,UNDER,25,151
random8_sqrt(5/3),71,55,UNDER,26,87
random8_sqrt(5/3),71,55,UNDER,27,24
random8_sqrt(5/3),71,55,UNDER,28,179
random8_sqrt(5/3),71,55,UNDER,29,115
random8_sqrt(5/3),71,55,UNDER,30,52
random8_sqrt(5/3),71,55,UNDER,31,207
random8_sqrt(5/3),71,55,UNDER,32,143
random8_sqrt(5/3),71,55,UNDER,33,79
random8_sqrt(5/3),71,55,UNDER,34,16
random8_sqrt(5/3),71,55,UNDER,35,171
random8_sqrt(5/3),71,55,UNDER,36,107
random8_sqrt(5/3),71,55,UNDER,37,44
random8_sqrt(5/3),71,55,UNDER,38,199
random8_sqrt(5/3),71,55,UNDER,39,135
random8_sqrt(5/3),71,55,UNDER,40,71
random8_sqrt(5/3),71,55,UNDER,41,8
random8_sqrt(5/3),71,55,UNDER,42,163
random8_sqrt(5/3),71,55,UNDER,43,99
random8_sqrt(5/3),71,55,UNDER,44,36
random8_sqrt(5/3),71,55,UNDER,45,191
random8_sqrt(5/3),71,55,UNDER,46,127
random8_sqrt(5/3),71,55,UNDER,47,63
random8_sqrt(5/3),71,55,UNDER,49,155
random8_sqrt(5/3),71,55,UNDER,50,91
random8_sqrt(5/3),71,55,UNDER,51,28
random8_sqrt(5/3),71,55,UNDER,52,183
random8_sqrt(5/3),71,55,UNDER,53,119
random8_sqrt(5/3),71,55,UNDER,54,56
random9_sqrt(112/34),9,5,UNDER,0,11
random9_sqrt(112/34),9,5,UNDER,3,4
random9_sqrt(112/34),9,5,UNDER,4,8
random9_sqrt(112/34),20,11,OVER,0,35
random9_sqrt(112/34),20,11,OVER,2,8
random9_sqrt(112/34),20,11,OVER,3,16
random9_sqrt(112/34),20,11,OVER,4,24
random9_sqrt(112/34),20,11,OVER,5,31
random9_sqrt(112/34),20,11,OVER,7,4
random9_sqrt(112/34),20,11,OVER,8,12
random9_sqrt(112/34),20,11,OVER,9,20
random9_sqrt(112/34),20,11,OVER,10,28
random9_sqrt(112/34),49,27,UNDER,0,99
random9_sqrt(112/34),49,27,UNDER,1,12
random9_sqrt(112/34),49,27,UNDER,2,32
random9_sqrt(112/34),49,27,UNDER,3,52
random9_sqrt(112/34),49,27,UNDER,4,72
random9_sqrt(112/34),49,27,UNDER,5,91
random9_sqrt(112/34),49,27,UNDER,6,4
random9_sqrt(112/34),49,27,UNDER,7,24
random9_sqrt(112/34),49,27,UNDER,8,44
random9_sqrt(112/34),49,27,UNDER,9,64
random9_sqrt(112/34),49,27,UNDER,10,83
random9_sqrt(112/34),49,27,UNDER,12,16
random9_sqrt(112/34),49,27,UNDER,13,36
random9_sqrt(112/34),49,27,UNDER,14,56
random9_sqrt(112/34),49,27,UNDER,15,76
random9_sqrt(112/34),49,27,UNDER,16,95
random9_sqrt(112/34),49,27,UNDER,17,8
random9_sqrt(112/34),49,27,UNDER,18,28
random9_sqrt(112/34),49,27,UNDER,19,48
random9_sqrt(112/34),49,27,UNDER,20,68
random9_sqrt(112/34),49,27,UNDER,21,87
random9_sqrt(112/34),49,27,UNDER,23,20
random9_sqrt(112/34),49,27,UNDER,24,40
random9_sqrt(112/34),49,27,UNDER,25,60
random9_sqrt(112/34),49,27,UNDER,26,80
